idiom,num_contexts,french_contexts,english_translations
ah le vache,5,"Salut. Ah la vache, ils sont costauds, ceux-là. ||| Ah la vache ! ||| Ah la vache, c'est le saumon. ||| Ah la vache! ||| Ah la vache !","Oh my God, who's winning so far? ||| Holy cow! ||| It's the salmon guy! ||| - Holy moly. ||| Holy cow!"
aller droit à le but,5,"Et maintenant, une jeune femme qui va droit au but, ma sœur, Roberta Tubbs. ||| Rebecca, je... je vais aller droit au but. ||| Insulte-les de hippies et va droit au but. ||| Eh bien, tu es allé droit au but avec celle-la. ||| Chéri, il vaut parfois mieux éviter d'aller droit au but.","And now, a young lady who goes to third base faster than Rickey Henderson my sister, Roberta Tubbs. ||| Becca, there is no easy way to say this... ||| Just call someone a hippie and get to the point. ||| Well, you walked right into that one. ||| Honey, sometimes it's not the most perfect timing To get straight to the point."
appeler un chat un chat,5,"Nous appellerons un chat un chat. ||| J'appelle un chat un chat... ||| Attendez, soyons... Appelons un chat un chat. ||| Je suis prêt à appeler un chat un chat, pour dissuader les générations d'aujourd'hui et de demain. ||| Appelons un chat un chat.","We're going to call a spade a dirty spade. ||| If it walks like a duck... ||| Well now, let's be, let's call a spade a spade. ||| There I am prepared to call a spade a spade, as a warning to present and future generations. ||| Let's call a spade a spade."
avoir de le pain sur le planche,5,"J'ai du pain sur la planche... ||| Tu as du pain sur la planche. ||| J'ai du pain sur la planche. ||| Tu as du pain sur la planche la. ||| Ecoute, je sais que tu as du pain sur la planche, mais mes parents ne peuvent pas te supporter et mon cousin est...","I've got a lot on my plate and um... ||| You have a job to do. ||| Lotta irons in the fire. ||| You got your hands full over there. ||| Look, I know you have a lot on your plate, but my parents can't stand you, and my cousin is..."
avoir deux main gauche,5,"Je le ferais bien moi-même, mais j'ai deux mains gauches. ||| Sally, tu as deux mains gauches ce soir. ||| Parfois, j'ai deux mains gauches. ||| Tu as deux mains gauches ! ||| Je dois avoir deux mains gauches.","I would do it myself, but I am all thumbs. Yeah, I'm sorry about that. ||| Oh, Sally, you are fingers and thumbs tonight. ||| Sometimes I'm just all thumbs. ||| You got hands like bricks! ||| I think I have two left hands."
avoir le banane,5,j'aurai la banane. ||| La centrifugeuse d'isotopes a la banane. ||| Les gens doivent avoir la banane en te voyant. ||| J'ai la banane quand je suis avec elle. ||| Ils vont avoir la banane.,"I'll go bananas. ||| The isotope centrifuge went bananas. ||| People have to be happy that you've arrived. ||| I can't help but smile when I'm around her. ||| Yeah, they'll go bananas for that one."
avoir le cafard,5,"""J'ai le cafard à cause de toi. ||| J'avais le cafard et j'ai dit quelque chose dans ma langue. ||| - Anita a le cafard. - Pas de problème. ||| - Toi aussi, tu as le cafard? ||| Tu as le cafard ? Je déteste les dimanches ici.","""I've got the blues for you. ||| I was lonely. I wanted to say something in my own language. ||| Anita doesn't want to. ||| - We call it the blues. ||| This place gives me the creeps on Sunday."
avoir le chair de poule,5,"Chaque fois que je pense au jour où on s'est rencontré, j'ai la chair de poule. ||| J'ai la chair de poule, Andie. ||| J'ai eu la chair de poule toute la nuit. ||| J'en ai la chair de poule. ||| Regarde, j'en ai la chair de poule.","Every time I think about the day we met, I just get goosebumps all over again. ||| - This is really creepy, Andie. ||| So sick. ||| - Gives me the creeps, to be honest. - Yeah. ||| Look, I got freakin' goose bumps."
avoir le cœur sur le main,5,"Avait le coeur sur la main. ||| Elle a le coeur sur la main. ||| Mitsuko et Joe ont le cœur sur la main. ||| C'est bon, tu peux avoir le coeur sur la main ||| Vous savez, les Punjabis ont le coeur sur la main.","Wore his heart on his sleeve. ||| She's got a big heart. ||| Mitsuko and Joe are open-handed. ||| It's okay, you can wear your heart on your sleeve ||| You know we Punjabis are really large-hearted."
avoir le dalle,5,"Super, j'ai la dalle. ||| Je fume pour ça. J'ai la dalle. ||| Par contre, j'ai la dalle. ||| J'ai la dalle. ||| Allez, j'ai la dalle.","- Oh, good, 'cause I'm starving. ||| That's why I wanna smoke, I'm starving. ||| I am starving though. ||| I sure am hungry. ||| Come on, I'm starving."
avoir le flemme,5,Ses parents avaient la flemme de l'appeler Bob ? ||| Je ne sais pas si sortir ou pas. J'ai la flemme... ||| J'ai la flemme de lire des sous-titres. ||| Ses parents avaient la flemme de l'appeler Bob ? ||| J'ai eu la flemme.,"What, his parents were too lazy to come up with, like, Bob? ||| I don't know if I want to go or if I'm too tired but... ||| Actually, no. I'm not down for subtitles tonight. ||| What, his parents were too lazy to come up with, like, Bob? ||| I got lazy, man, you know."
avoir le gueule de bois,5,"Là, j'ai la gueule de bois. ||| J'ai la gueule de bois par ta faute. ||| Laisse-moi tranquille, j'ai la gueule de bois. ||| Tu as la gueule de bois. ||| - Bien sûr que j'ai la gueule de bois.","Now I'm just hung-over. ||| And I am hung over because of you. ||| Oh, leave me alone, I have a hangover. ||| You're hungover. ||| Of course I'm hungover."
avoir le patate,5,"O.K., vous avez la patate. ||| - Ouais, j'avais la patate. ||| J'ai la patate, ce matin. ||| Nous, on a la patate ! ||| J'ai la patate, moi !",Fine. You guys rock. ||| You should've seen me. ||| I'm on top form today. ||| We all feel great. ||| I'm starting to see why!
avoir le pêche,5,"Soudain, t'as la pêche ? ||| Les Rockets ont la pêche... ||| J'ai la pêche à mort. ||| J'ai la pêche comme c'est pas possible. ||| T'as la pêche, hein ?",Now all of a sudden you're fired up? ||| These Rockets are movin' today.! ||| Good as hell. ||| My spirit's high as it can be ||| - You're in great shape!
avoir le œil plus gros que le ventre,5,"Vous avez les yeux plus gros que le ventre, mon ami. ||| Elle pense qu'on a les yeux plus gros que le ventre. ||| Tu cherches trop à impressionner. Tu as les yeux plus gros que le ventre. ||| Voila ce qui arrive lorsqu'on a les yeux plus gros que le ventre, Pat. ||| J'avais les yeux plus gros que le ventre.","You've bitten off more than you can chew this time, my friend. ||| She worries our eyes might be a little bigger than our stomachs. ||| You try so hard to impress people, you always bite off more than you can chew. ||| This is what happens when you get too big for your boots, Pat. ||| I bit off more than I could chew."
avoir un autre chat à fouetter,5,"Et je n'ai pas eu l'occasion de t'en parler parce qu'on avait d'autres chats à fouetter. ||| Pour le moment, on a d'autres chats à fouetter. ||| - Non. On a d'autres chats à fouetter. ||| Arrête, on a d'autres chats à fouetter. ||| On a d'autres chats à fouetter.","And I didn't get a chance to tell you because we had bigger fish to fry. ||| But right now, we got bigger fish to fry. ||| We have bigger fish to fry. ||| Shut up, focus on the job. ||| We got bigger fish to fry."
avoir un chat dans le gorge,5,"J'ai dû avoir un chat dans la gorge. ||| - Vous avez un chat dans la gorge ! - Oui. ||| Quand je dis son prénom, c'est comme si j'avais un chat dans la gorge. ||| J'avais un chat dans la gorge. ||| Il a un chat dans la gorge.","Must've been a frog in my throat. ||| - You've got a frog in your throat. ||| It's easy to pronounce. Every time I try to say her name, I get a hairball. ||| Just got a frog in my throat. ||| He's just a little hoarse."
"avoir un coup de foudre,coup de foudre",5,"Je sais pas, j'ai eu un coup de foudre. ||| Je n'ai pas eu de coup de foudre depuis Sean Cassidy. ||| Meg disait à Markayla de ralentir, mais Markayla a eu un coup de foudre. ||| Moi aussi. Mais on n'a pas eu de coup de foudre. ||| Avoir un coup de foudre, c'est sentir le véritable amour.","I don't know, it was love at first sight. ||| I haven't had a crush since Sean Cassidy. No way. ||| Meg kept telling Markayla to slow down, but Markayla was head over heels. ||| So do I, but we didn't love each other at first either. ||| To experience love at first sight, is to feel true love."
avoir un peur bleu de,5,"Tavares n'aurait pas témoigné car il avait une peur bleue de Donovan. ||| Il a une peur bleue de vous. ||| Je m'appelle Sydney White, mon pére est plombier, je collectionne les BD et j'ai une peur bleue des ballons en forme d'animaux. ||| L'autre moitié a une peur bleue de lui. ||| Vous avez oublié, je suis influent à Klingen et que j'ai une peur bleue des pigeons.","Tavares wouldn't testify because he was scared stiff of Donovan. ||| He's afraid of you. ||| My name is Sydney White. My dad's a plumber. I collect comic books and I'm secretly terrified of balloon animals. ||| The rest... scared to death of that wombat. ||| Well, you only left out that... I'm fluent in Klingon and have a bona fide fear of pigeons."
battre le fer tant que il être chaud,5,"Et tu le sais, il faut battre le fer tant qu'il est chaud. ||| Ils veulent le capital sur la publicité produite par le Post, nous devons battre le fer tant qu'il est chaud. ||| Battons le fer tant qu'il est chaud. ||| Il faut battre le fer tant qu'il est chaud. ||| - Battons le fer tant qu'il est chaud!","And you know, you have to strike while the iron is hot. ||| They want to capitalize on the publicity from The Post, so we have to strike while the iron's hot. ||| We have to act quickly and seize this opportunity. ||| You gotta strike while the iron is hot. ||| Strike while the iron is hot!"
blanchir de le argent,5,"Quelle était l'entreprise pour laquelle David Clarke blanchissait de l'argent ? ||| Vous blanchissez de l'argent pour lui. ||| - Il pourrait blanchir de l'argent. ||| Bien pratique pour blanchir de l'argent en tant que gros dealer de coke ||| A droite, une holding dont se sert Khasinau pour blanchir de l'argent.","And what was the name of the organization you believe David Clarke was laundering money for? ||| You launder money for him. ||| He could be laundering money. - So? ||| Which comes in handy to launder all the money he makes as the biggest coke dealer ||| On the right, a holding company that Khasinau uses to launder money."
boire comme un trou,5,"Elle a commencé à boire comme un trou. ||| Vous avez dû boire comme des trous. ||| ""Putain de salope, arrête de boire comme un trou au déjeuner. ||| Ils boivent comme des trous. ||| Il a commencé à boire comme un trou.",She started a drinking binge. ||| How much did you drink? ||| You shouldn't have drank so much water at lunch! ||| They're drinkin' like fishes. ||| Started drinking like a fish.
ce ne être pas son oignon,5,"Donc, ce n'est pas tes oignons, ok? ||| Ce ne sont pas mes oignons, bien sûr, mais maintenant que Victor en a un ||| Et ça non plus, ce n'est pas tes oignons. ||| - Ce n'est pas tes oignons. ||| Ecoutez, peu importe les sentiments que vous avez eus du vivant de votre ami, ce n'est pas mes oignons.","That mean, it's none of your business, right? ||| It's not my business, of course, but now that Victor has one-- ||| And this isn't any of your business, either. ||| - Nothing, don't look at it. ||| Sir, whatever you gentlemen felt for each other when your friend was still alive... is certainly none of my affair."
chercher le petit bête,5,"On cherche la petite bête? ||| Ah, Veronica... C'est ce qui s'appelle chercher la petite bête. ||| Là, ça fait le mec qui cherche la petite bête. ||| - Quoi ? Je vous montre un truc fabuleux, et vous cherchez la petite bête. ||| Ils cherchent la petite bête, pour que rien ne flanche.","Lookin' for some loopholes, huh? ||| Ah, Veronica... this is really grasping at straws. ||| That will look like nit-picking. ||| I show you something fantastic, you find fault. ||| Well, I suppose they're all bending over backwards to get this thing right. It's just got to be, you know?"
coup de foudre,5,"J'ai eu un vrai coup de foudre. ||| C'est un coup de foudre. C'est inoffensif. ||| Tu as regardé ""Coup de foudre à Notting Hill"" pour moi? ||| Tu crois que cette fille, cette bombasse a vu Éric, elle a flashé, hop, coup de foudre. ||| Barbara a eu le coup de foudre en voyant une photo de toi dans People magasine",It was love at first sight. ||| It's a crush.It's harmless. ||| You watched Notting Hill for me? ||| Really? You think that 25-year-old sex bomb saw Eric and suddenly fell in love with him? ||| Barbara fell enchanted vith you in a picture in People magazine
coûter le œil de le tête,5,"Mais Carthagène, ça coûte les yeux de la tête. ||| Tu sais, les deux enfants sont à St Margaret maintenant, et ça nous coûte les yeux de la tête. ||| Ça me coûte les yeux de la tête. ||| Ça m'a coûté les yeux de la tête. ||| C'est dépassé et ça coûte les yeux de la tête.","But I'll tell you, Cartagena is really expensive. ||| You know, both kids are at St. Margaret's now, and that costs an arm and a leg. ||| That costs me an arm and a leg. ||| You have no idea how much money I've spent on dolls. ||| It's outdated and expensive as shit."
crever le dalle,5,"- J'arrive pas à dormir. Je crève la dalle. Regarde sur quoi je tombe. ||| Ouais, je crève la dalle. ||| On crève la dalle. ||| Je crève la dalle. ||| Une heure après, vous crevez la dalle.","I can't sleep because I'm starving and look what's on TV. ||| Yeah, I'm freaking starving. ||| -We were starving. ||| Look, I gotta eat, okay? ||| You go in there and spend 50 and eat for an hour and a half, and a half hour later you´re starving to death."
donner son langue à le chat,5,"Il a donné sa langue au chat. ||| - Je donne ma langue au chat. ||| Vous avez donné votre langue au chat? ||| Je donne ma langue au chat. ||| - Je donne ma langue au chat, James.","Seems the cat got Watts's tongue. ||| - I give up. ||| Cat got your tongue? ||| What is it? ||| - You've got me, James."
en avoir marre,5,"J'en ai marre, marre de Napoléon Quatorze. ||| J'en avais marre de tes âneries. ||| Il adore les sucettes et en a marre d'en tenir six à la fois ? ||| J'en ai marre d'être sous ce soleil... à discutailler avec un aspirant dictateur. ||| Elle en a marre que je sente l'iodoforme.","And I'm sick of it, Aeryn! I'm sick of Napoleon the Fourteenth, ||| Lister, I did that because I was sick of you annoying me. ||| Maybe he's really into lollipops, and he's tired of housing six at a time? ||| Now, look, I'm tired of hanging around under this sun... playing footsie with a half-pint would-be dictator. ||| She says I have to stop smelling of iodoform."
en avoir ras-le-bol,5,J'en ai ras-le-bol. Pas vous ? ||| J'en ai ras-le-bol que tu foutes toujours le bordel et que je doive nettoyer par la suite. ||| J'en ai ras-le-bol de 1973. ||| J'en ai ras-le-bol de tes phénomènes paranormaux. ||| Elle en avait ras-le-bol de toi.,I'm sick and tired of this. ||| I am sick as hell of you constantly making a mess Of this house and having to clean up after you. ||| I'm bloody sick of 1973. ||| You and your supernatural phenomena. You're driving me crazy. ||| She was sick of you.
en avoir raître le bol,5,"J'en ai ras le bol! Ho! ||| J'en ai ras le bol de ce travail. ||| J'en ai ras-le bol d'être ici, je veux rentrer chez moi. ||| Pour guérir mieux, plus vite. J'en ai ras le bol d'être ici quand mes amis sont là-bas. Je ne peux le dire à personne. ||| - Non. J'ai chaud et j'en ai ras le bol.","I'm sick and tired of ... ||| I can't stand this job anymore. ||| The fuck can... I'm tired of this shit. I want to go home ||| So I can get better fast, because I'm sick and tired of being here while my friends die over there, and I can't tell anyone that, because they won't get it. ||| I'm hot, and I'm fuckin' bored."
en avoir rien à cirer,5,"Et je n'en ai rien à cirer. ||| Et même si tu te fous de ma gueule en ce moment, j'en ai rien à cirer! ||| Les enflures dehors n'en ont rien à cirer de nous ! ||| Je vous avais dit qu'elle en avait rien à cirer de moi. ||| J'en ai rien à cirer!""","And I don't give a damn. ||| And I don't even care if you're telling me a bunch of lies. ||| Them motherfuckers outside this place don't give a fuck about us. ||| I told you she doesn't give two shits about me. ||| I don't give a goddamn!"""
en avoir rien à faire,5,"Chéri, je croyais que tu en avais rien à faire de cet arbre. ||| Mais je n'en ai rien à faire [br]de ces détails! ||| J'en ai rien a faire de vivre les deux prochaines heures. ||| Et la police n'en avait rien à faire. ||| Au lieu de leur rentrer dedans comme si tu n'en avais rien à faire.","Honey, I thought you didn't care about the tree. ||| Those are careless details! ||| Look, I don't care about living through the next two hours. ||| Stolen. The police couldn't have cared less. ||| Instead of coming across like you don't care."
en avoir rien à foutrer,5,"Votre argent et vos amis puissants, j'en ai rien à foutre, Gartley. ||| De toute façon, j'en ai rien à foutre. ||| ""J'en ai rien à foutre de Mozart !"" Parfait ! ||| Fais ce que tu veux, j'en ai rien à foutre. ||| J'en ai rien à foutre.","Hey, all your powerful friends and all your money don't mean shit to me, Gartley. ||| I don't care what the hell you're doing. ||| ""I do not give a shit about Mozart!"" Perfect! Remove. ||| Suit yourself. See if I care. ||| I'm not giving you shit."
en faire tout un fromage,5,"Pourquoi t'en fais tout un fromage ? ||| Je sais pas pourquoi elle en fait tout un fromage. ||| Pourquoi est-ce qu'il faut en faire tout un fromage ? ||| Cette stupide bague dont ta famille en fait tout un fromage ? ||| Ouais enfin, on va pas en faire tout un fromage.","Why are you making such a big fuss over it? ||| I don't know why she's making such a big deal out of a wedding. ||| Why does it have to be such a big deal? ||| Oh, that stupid ring that your family holds onto like a bunch of hobbits? ||| Yeah, well, let's not make a big deal out of it."
en prendre de le graine,5,"Ce serait à lui de m'écouter, pour en prendre de la graine. ||| Tu aurais pu en prendre de la graine. ||| Ton équipe pourrait en prendre de la graine. ||| Je devrais en prendre de la graine. ||| - Oui, tu devrais en prendre de la graine.",L... I don't have all the answers. But maybe he should listen to me more and learn a little. ||| You could have followed others' lead. ||| Something your team could learn about. ||| I should learn from you. ||| - You should take a page from his book.
faire gaffe,5,"Fais gaffe Lindsey, surveille-les bien. ||| Fais gaffe, l'oiseau ! ||| - À ta place, je ferais gaffe à mon cul. ||| Fais gaffe oû tu mets les pieds, j'ai tout astiqué. ||| - Tous chez Faucelli! - Aux baraques, faites gaffe!","Watch them, Lindsey. Keep an eye on 'em. ||| Whoa, bird! Watch out for the... ||| - Lf I was you, I'd watch my ass. ||| Watch where you're walking, I just mopped here. ||| Back to the sheds, and keep your eyes open!"
faire le andouille,5,"J'aimerais qu'ils arrêtent de faire les andouilles. ||| Si les enfants font les andouilles, on peut leur mettre une gifle. ||| Quand on était petits, on croyait que maman faisait l'andouille. ||| Il a fait l'andouille et maintenant il en récolte les fruits . ||| Pourquoi tu te crois toujours obligé de faire l'andouille ?","[groans] I wish these kids would stop acting up. ||| If the kid's misbehaving behind you, you can reach and whack him. ||| Remember when we were kids and we thought mom was just being silly? ||| He acted like a jerk and now he caught it in the butt. ||| Why do you have to act like an idiot?"
faire le gras matinée,5,"Écoute. Fais la grasse matinée. ||| Eh bien, si c'est uniquement celà, tu peus faire la grasse matinée demain. ||| J'ai commencé à faire la grasse matinée les dimanches matins. ||| Je vais apprendre à me détendre, à faire la grasse matinée. ||| C'est samedi, et c'est notre journée de repos. On va pouvoir faire la grasse matinée.","Well... you better sleep late this morning. ||| Well, if that's all it is, you can sleep late tomorrow. ||| I started sleeping in on Sunday mornings. ||| Yep. I'm going to relax and sleep late. ||| It's Saturday, that's our day off and we're gonna get to sleep in."
faire le sourd oreille,5,"Je croyais pouvoir continuer à faire la sourde oreille. ||| Au moins avant, elle pouvait faire la sourde oreille aux cris. ||| Comment pouvez-vous accepter de faire la sourde oreille à ceux qui souffrent sur une carte ? ||| Et elle a fait la sourde oreille. ||| Tu parleras au conseil, mais il fera la sourde oreille.","I guess I thought I could just go on not caring. ||| At least before, she could tune out the crying. ||| How convenient that must be for you, to turn a deaf ear to those who suffer behind a line on a map. ||| And she shut me down completely. ||| You will go before the council, but your words will fall on deaf ears."
faire le tête,5,"Combien de temps vas-tu encore me faire la tête ? ||| Est-ce que tu me fais la tête? ||| Tu fais la tête. ||| Tu as décidé de me faire la tête, c'est ça ? ||| Oui, c'est vrai, je pense que tu as fait la tête non stop de 1992 à 1994 peut-être.","All right, how long are you gonna stay mad at me? ||| Is this supposed to be the silent treatment? ||| Now you're sulking. ||| You are giving to me the silent treatment. ||| Yes, right, I think you sulked nonstop from about 1992 to '94 maybe."
faire un queue de poisson,5,"Il m'a fait une queue de poisson. ||| Ce type m'a fait une queue de poisson. ||| Tu m'as fait une queue de poisson. ||| Un jour, un type a fait une queue de poisson à Pinker. ||| Il t'a fait une queue de poisson sur l'autoroute.","- He cut in on me. ||| The guy cut me off. What was I supposed to do? ||| You cut me off, bitch. ||| One time, this guy cuts Pinker off on the highway. ||| He cut you off on the freeway."
faire un tabac,5,"Ça ferait un tabac. ||| Ça ferait un tabac ! ||| Je ferais un tabac avec un car vidéo-mobile. ||| Il a bossé un an et à son retour, il a fait un tabac. ||| Vous pourriez faire un tabac.",I'm sure it'd be really popular. ||| People would love it! ||| - I can get the jump on everybody if I get a remote. ||| He just worked his ass off for a year. He come back. And he hit it big. ||| You could be really big.
filer à le anglais,5,"22 personnes qui filent à l'anglaise, tu t'imagines ? ||| Je vais filer à l'anglaise pour ne pas gâcher la fête. ||| Pourquoi avez-vous filé à l'anglaise? ||| Vous avez filé à l'anglaise ? ||| Il a filé à l'anglaise.","You don't want 22 people skipping all in one day, do you? - Of course not, but... ||| I thought I'd just sneak away quietly. I don't want to spoil the party. ||| Why'd you give them the slip up at the hospital? You don't like the place? ||| Say, did you sneak out of here? ||| He was tired and slipped away."
"il faire un froid de canard,un froid de canard",5,"Sapristi, il fait un froid de canard. ||| J'avais déjà gaspillé l'argent que j'avais reçu à ma sortie, et avec ce vent, il faisait un froid de canard. ||| - Il fait un froid de canard. ||| Il fait un froid de canard. ||| Il fait un froid de canard, ici.","Oh, Jiminy. It sure turned cold. ||| I'd already blown the money they gave me. And the north wind was colder than hell. ||| - It's freezing cold! ||| It's colder than a well digger's ass, man. ||| It's freezing here."
il falloir souffrir pour être beau,5,"Il faut souffrir pour être belle, chérie. ||| Maman dit qu'il faut souffrir pour etre belle. ||| Il faut souffrir pour être belle. ||| Il faut souffrir pour être beau. ||| Il faut souffrir pour être beau !","Beauty is pain, baby. ||| Mommy says beauty is pain. ||| And that's a good thing? ||| No pain, no gain. ||| Agony fashion !"
il ne y avoir pas un chat,5,"Il n'y avait pas un chat dans le coin. ||| Il n'y a pas un chat ici ! ||| À 4h du matin, sur les routes d'Akina il n'y a pas un chat. ||| Il n'y avait pas un chat, alors j'ai commandé un cocktail. ||| Il n'y aura pas un chat à moins que les joueurs ne viennent avec des souris.","Not a single person was in sight ||| There's no one in here! ||| There's not a soul there at 4 in the morning. ||| There wasn't a soul to talk to, so I ordered a sidecar. ||| The game won't draw flies unless the players bring their horses."
jeter le argent par le fenêtre,5,"Nous jetons l'argent par les fenêtres. ||| Ta mère jette l'argent par les fenêtres. ||| Ça lui apprendra à jeter l'argent par les fenêtres ! ||| Tu as passé ta vie à flamber, à jeter l'argent par les fenêtres. ||| On résout les problèmes en jetant l'argent par les fenêtres ?","We're throwing all our dough in ||| Your mother is squandering money. ||| I'm going to teach that boy a lesson. Yes, that's what he deserves  throwing nickels around like that. ||| You spent your life squandering your money. ||| That's the spirit. Solving problems by throwing money at them."
jeter le éponge,5,"On devrait jeter l'éponge. Quoi ? ||| - Comment ça, vous jetez l'éponge ? ||| Le toebib a jeté l'éponge ae 6e roend. ||| Tu te planques ? Tu crois que je vais jeter l'éponge ! ||| Sa dernière tension est à 70, mais Bailey veut pas jeter l'éponge.","I think we should give up. ||| - What? What do you mean, quitting? ||| The doctor threw in the towel in the sixth round. ||| You think you've escaped? ||| Her last systolic was in the 70s, but Bailey's not ready to throw in the towel yet."
jeter un coup de oeil,5,"- Alors, vous voulez que je jette un coup d'oeil? ||| Je devrais aller jeter un coup d'oeil aux personnes du CMI. ||| Je suis revenu avec des glacières médicales, un conteneur scellé, mais, une fois, j'ai jeté un coup d'oeil. ||| Ça ne vous dérange pas si on jette un coup d'oeil ? ||| Laissez-moi juste jeter un coup d'oeil.","- So, you want me to take a look? - Where? ||| I should check in with the I.D.C. rep. ||| I flew back with medical ice chests, coolers sealed up tight, but I got a look once. ||| I hope you don't mind if we look around. ||| Just give me one stroll around the foot."
joindre le deux bout,5,"J'arrive à peine à joindre les deux bouts. ||| Écoute, on travaille 70 heures par semaine pour joindre les deux bouts. ||| Le pauvre a eu du mal à joindre les deux bouts, dernièrement. ||| Comment vais-je joindre les deux bouts ? ||| C'est dur de joindre les deux bouts, mais encore plus d'épargner.","Okay, I am barely scraping by. ||| Look, we work 70 hours a week just to keep pace, right? ||| Poor guy's been struggling lately. ||| How, how am I going to make ends meet, mmkay? ||| Breakin' even's hard enough, but getting ahead's impossible."
le doigt dans le nez,5,"Ils remonteront jusqu'à nous, les doigts dans le nez. ||| C'est les doigts dans le nez, mec. ||| Vous devriez voir comment Will passe les exams les doigts dans le nez. ||| Je te bats les doigts dans le nez. Si c'est que tu veux, d'accord! ||| Je penserais que j'y suis arrivée les doigts dans le nez et je le regretterais.","They will read this one with their eyes closed. ||| That's fish in a barrel, dude. ||| Yes, sir, you ought to see the way Will breezes through these tests. ||| I could beat you hands down, but if that's what you want, you can have it! ||| I'll think I aced it and I'll live to regret it."
le fin de le haricot,5,"La fin des haricots ! ||| - ""La fin des haricots."" - Des haricots latins ! ||| C'est pas la fin des haricots. ||| Ce n'est pas la fin des haricots... ||| Ce n'est pas la fin des haricots.","The whole ride's over. ||| - ""That's how the cookie crumbles."" - ln Latin! ||| listen, uh... It's not the end of the world. ||| There, there, Esme. It's not the end of the world. ||| That's the last straw!"
le goutte de eau qui faire déborder le vase,5,"Ce fut la goutte d'eau qui fit déborder le vase. ||| Et bien, c'est la goutte d'eau qui fait déborder le vase. ||| Tu sais, la goutte d'eau qui fait déborder le vase... ||| Pour la Fox, c'était la goutte d'eau qui faisait déborder le vase. ||| C'est la goutte d'eau qui fait déborder le vase.","And that pushed me over the edge. ||| Well, that is the last straw. ||| Did you ever hear about the straw that broke the camel's back? ||| For Fox, this was the final straw. ||| That's the last straw. I'm going over there."
le habit ne faire pas le moine,5,"""L'habit ne fait pas le moine"". ||| - Eh oui, l'habit ne fait pas le moine. ||| L'habit ne fait pas le moine. ||| - l'habit ne fait pas le moine. ||| L'habit ne fait pas le moine, pas vrai, les gars ?","""A wolf in sheep's clothing."" ||| Yes, clothes don't make the man. ||| Not everything's as it seems ||| - One man's ceiling is another man's floor. ||| Sure as shit can't tell a book by its cover, huh, boys?"
manger sur le pouce,5,"Je n'aime pas te voir manger sur le pouce. ||| J'ai mangé sur le pouce. ||| J'ai mangé sur le pouce. ||| Au lieu de ça, je mangeais sur le pouce et je me rendais à un spectacle amateur de kabuki. ||| Y a t-il des en-cas à manger sur le pouce ?","When I see you eat like that, I... ||| I kinda ate on the run. ||| I kinda ate on the run. ||| Instead, I stopped at my favorite sidewalk cafe for a quick bite, and was on my way to some kind of amateur kabuki performance. ||| Is there any finger food?"
mettre son grain de sel,5,"Sans vouloir mettre mon grain de sel, supposons que vous ayez raison et que Drake soit un espion... ||| Peut-être que tu pourrais mettre ton grain de sel. ||| Il a assez mis son grain de sel quand on écrivait le discours... ||| Tu veux mettre ton grain de sel ? ||| Donc tu dois venir me voir quand tu veux mettre ton grain de sel.",I don't wanna get too wrapped up in your caper... but let's assume that you're right and Damian Drake is a spy? ||| Maybe you could chip in. ||| We got enough input from him while we were writing the thing. ||| Don't you want to put your 2Â¢ in? ||| So you need to consult with me before you do anything like this.
ne y voir que du feu,5,"""Je coucherai avec lui mardi et jeudi et il n'y verra que du feu"". ||| On n'y voit que du feu. ||| Ils rataient des trucs. Si on était malin, ils n'y voyaient que du feu. ||| Elle n'y verra que du feu. ||| Il s'attaquait à une pauvrette qui n'y voyait que du feu.","I'll have sex with him Tuesday and Thursday and he'll be none the wiser. ||| Smoke and mirrors. ||| If a director was subtle enough and clever enough, they got around it. ||| She's won't notice anything. ||| He was gonna put the hurt on this poor girl who didn't know any better."
partir en fumée,5,"Mon carburant à moi est parti en fumée. ||| Sinon, je jure que ce petit Ewok va partir en fumée ! ||| - Tout partira en fumée, sauf la prison. ||| Il n'y a aucun plaisir à voir la fierté partir en fumée. ||| Les 180 millions, partis en fumée.","My own fuel went up in smoke. ||| Swear to God, this little ewok is going up in flames! ||| - Everything goes, except the jail. ||| ""I don't think so, no pride in what goes up in smoke"" ||| 180 millions faded away, huh?"
pas son tasse de thé,5,"Tu sais, papa, tout bien réfléchi, l'industrie du miel, c'est pas ma tasse de thé. ||| Comme disent les Anglais: ""C'était pas ma tasse de thé."" ||| Il fabrique des punaises depuis 1888, et les campagnes modernes, c'est pas sa tasse de thé. ||| Vos films, ne sont pas ma tasse de thé. ||| Le gardiennage n'est pas ma tasse de thé non plus.","You know, Dad, the more I think about it, maybe the honey field just isn't right for me. ||| It wasn't my cup of tea. ||| He's been making thumbtacks since 1888 and he doesn't go for this modern hoopla. ||| Your movie is not my teacup. ||| Babysitting isn' t my thing either"
passer le arme à gauche,5,J'attends qu'il passe l'arme à gauche. ||| De quoi il héritera quand ses parents passeront l'arme à gauche ? ||| Vous avez enfin passé l'arme à gauche? ||| Un type normal aurait passé l'arme à gauche et serait mort. ||| Je croyais... qu'il avait passé l'arme á gauche.,"I'm waiting him out. ||| What's he gonna inherit when his parents croak? ||| Are you finally dead, old man? ||| I mean, any normal man would have just turned up his toes and died. ||| But I thought... he was long gone."
pipi de chat,5,"A des implications bien au-delà de la sécurité nationale, ...A côté, la guerre froide, c'est du pipi de chat. ||| Là, c'est tu pipi de chat. ||| Mais c'est du pipi de chat ! ||| Et ça, c'est du pipi de chat ? ||| Tu as entendu beaucoup de voix... mais comparé à moi, c'est du pipi de chat.","Has implications that go so far beyond national security The cold war seems like a case of the sniffles. ||| This is fuckin' nothin'. ||| No big deal. ||| This, of course, is chopped liver, huh? ||| You may have heard a lot of singers... but you ain't heard nothing sung till you heard me sung it."
pleurer comme un madeleine,5,"Je me démène pour qu'ils soient adoptés, et pleure comme une madeleine quand ils partent. ||| Oui, je pleurais comme une madeleine, mais j'en ai fini avec les larmes. ||| Je le regarde, et Mr Beau-Gosse, ici présent, pleure comme une madeleine. ||| elle a même pleuré comme une madeleine parce qu'il lui manquait. ce n'est pas comme si je n'avais pas utilisé Hye Ri. ||| Une année, il m'a apporté une Barbie et j'ai pleuré comme une madeleine.","I work like fury to get them adopted and then cry like a fool when they go. ||| Yes, I used to weep salt tears about it, but I've done with tears forever, okay? ||| I look over, and Pretty Boy here is bawling his eyes out. ||| Lawyer. His name was Seo-Dong-Gun. Do you know him, by any chance? ||| He brought me a barbie and i bailed my eyes out."
pleuvoir un corde,5,"J'en suis sûre. Il commence à pleuvoir des cordes, Jack. ||| Cours, il pleut des cordes. ||| Il est con. Il pleut des cordes, et il veut baiser. ||| Il pleut des cordes. ||| Oui, il pleuvait des cordes.","It's starting to rain pretty hard, Jack. ||| Run, it's pouring rain. ||| He's nuts. lt's raining like hell, and he wants a fuck. ||| It's raining cats and dogs. ||| Yes, it rained cats and dogs, as you say."
poser un lapin,5,"Elle ne va plus jamais me reparler si je lui pose un lapin. ||| Et pour la troisième fois d'affilée, tu m'as posé un lapin. ||| Je t'ai posé un lapin. ||| Tu me poses un lapin et tout ce que tu dis, c'est ""désolé"" ? ||| Tu poses un lapin à ta sœur ?","She's never gonna talk to me again after standing her up. ||| And that's the third time in a row you stood me up. ||| I stood you up. - It wasn't a date. ||| You stood me up and your only explanation is ""sorry""? ||| Are you really standing up your sister for work?"
prendre le tête,5,"Je sais qu'il est ici, et ça me prend la tête. ||| Tu me prends la tête quand je bosse là-dessus ? ||| J'aimerais manger sans qu'on me prenne la tête. ||| Il a pris la tête et fonça vers la clôture. ||| Savage prend la tête pour Angkor ! - Allez, Savage !",I know that he's over there right now and it's drilling a hole in my brain. ||| You come at me when I'm dealing with this shit? ||| I would like to eat in peace. ||| When he took the lead he fought for the rail. ||| Savage now in the lead for angkor.
prendre son courage à deux main,5,"Prendre son courage à deux mains pour dire à Rogelio qu'elle avait fait vœu de chasteté était plus difficile que ce que Xiomara pensait. ||| Mike prit son courage à deux mains pour aller voir son frère. ||| Je prends mon courage à deux mains. ||| Alors elle a pris son courage à deux mains pour faire la fille mature de fac. ||| Quand il est arrivé, j'ai pris mon courage à deux mains pour aborder le sujet.","Working up the courage to tell Rogelio about her vow of chastity was proving harder than Xiomara had anticipated. ||| So Mike sucked it up and went over to his brother's house. ||| Start getting a little brave. ||| So she dug down deep and did the only thing a mature college woman could do. ||| When he did arrive, I had the courage to get to the heart of the matter."
prendre son jambe à son cou,5,"Prenez vos jambes à votre cou. ||| - Prends tes jambes à ton cou ! ||| Vous voyez un rat,Et vous prenez vos jambes a votre cou ? ||| J'ai pris mes jambes à mon cou. ||| Et vous avez pris vos jambes à votre cou.","By all means... run. ||| Now, run away! ||| You see one rat, turn tail and run? ||| I ran out of here like the place was on fire. ||| And you ran away as fast as you could."
péter un câble,5,"Elle a pété un câble. ||| J'ai toujours peur que tu pètes un câble et que tu le tues... ||| Je vais péter un câble. ||| Tu as pété un câble, détenue ? ||| Tous les clients m'en offrent un. Le soir, je pète un câble","She's kinda freakin' out. ||| I'm just scared of you going nuts and hurting Uncle Dee. ||| I'm going to go out of my mind. ||| - Are you out of your mind, inmate? - Hey. ||| Wherever I deliver mail, they offer me some, by evening I'm a wreck."
quand le poule avoir un dent,5,"Tu feras ça pour moi quand les poules auront des dents. ||| Mais, elle sera ravie de vous rappeler, quand les poules auront des dents. ||| Ouais, quand les poules auront des dents! ||| - Quand les poules auront des dents. ||| - Je quitterai ma ferme... quand les poules auront des dents!","The day you do this for me, pigs will fly! ||| But, she'll be happy to return your call, when hell freezes over. ||| Yeah, about the time you get your third set of teeth. ||| -When fish ride bicycles. ||| - Ain't leaving my house for nothing. Not in a hundred years!"
quelque chose qui cloche,5,"- Je ne suis pas sûr. Il y a quelque chose qui cloche. ||| Il y a quelque chose qui cloche chez moi ? ||| Pas qu'il y ait quelque chose qui cloche avec ton look. ||| Armistead MAUPIN Ecrivain dans notre quotidien. Quand on est homo et qu'on n'en voit jamais le reflet dans les films, on se dit qu'il y a quelque chose qui cloche. ||| Rick, il y a quelque chose qui cloche avec la radio.","-I'm not sure but... something doesn't add up. ||| Is there something wrong with me? ||| Not that there's a damn thing wrong with them. ||| When you're gay... and don't see that reflected in any way ever in the movies... you began to feel that something truly is wrong. ||| Rick. Rick, there's something wrong with the radio."
raconter un salade,5,"Tu crois que je raconte des salades ? - C'est ça ? ||| Il nous a raconté des salades, puis nous a drogués et enfermés dans un frigo. ||| Ça t'autorise pas à raconter des salades. ||| Lave tes mains et arrête de raconter des salades. ||| Ma maman à moi, elle me pinçait quand je racontais des salades.","Are you calling me a liar? ||| He tells us this crazy story, then he drugs us and locks us in a freezer. ||| If I lied, ||| Wash your hands and no more bullshit. ||| - My mom used to pinch me when I lied."
ramener son fraise,5,"Qu'elle ramène sa fraise ici. ||| C'est un peu tard pour que ton vagin ramène sa fraise. ||| Bon... s'il ramène sa fraise, ou s'il appelle... ||| Warwick a ramené sa fraise. ||| Et va savoir qui va ramener sa fraise !","Have her get her ass over here. ||| Bit late in the day for your vagina to chime in. ||| So... if he fuckin' shows up or anything, or if he fuckin' calls. ||| Warwick came sniffing around. ||| Who knows who's gonna be coming along in that time?"
rendre le âme,5,"""Ceux qui rendent l'âme ne se rétablissent jamais."" ||| Oui, il vient de rendre l'âme. ||| Mais moi, je suis sur le point de rendre l'âme. ||| Alors, tu as finalement rendu l'âme, Batman? ||| Jusqu'à ce qu'elle rende l'âme.","""Those who do die, do never recover. "" ||| Yeah, he just expired. ||| I'm the one in trouble. ||| I see you finally shuffled off this mortal coil, Batman. ||| Until she passed."
revenir à son mouton,5,"Revenons à nos moutons, parlons un peu de vos parents adoptifs. ||| Bien, si l'on pouvais revenir à nos moutons. ||| Bon, revenons à nos moutons. ||| Fei-yu, abrège. Revenons à nos moutons. ||| Revenons à nos moutons.","Let's get back to our topic, let's talk about your foster parents. ||| Right, if we could just bring all this to order... ||| - All right, back to business. - Ho, ho, ho! ||| Shi Yu, just get to the point, can you? ||| Let me get down to brass tacks."
rouler sur le or,5,"Ils ont l'air de rouler sur l'or. ||| Le public voit en moi une femme, ambitieuse, résolue, prédestinée à rouler sur l'or. ||| Je roule sur l'or, ils rament. ||| Comme si on roulait sur l'or ! ||| Votre ami Reese roule sur l'or, à présent.","They must be doing very well. ||| When the public look at me, they see an ambitious, confident woman, destined to rule over millions. ||| That's why we drive Benz, they take bus ||| Haven't we had enough of two-bit prizes? ||| Your friend Reese... he's in the big time now."
se en mettre plein le poche,5,"Nous ne pouvons nous permettre d'être déroutés par un nouveau joueur de flûte dont les intérêts ne sont que de s'en mettre plein les poches. ||| Je veux dire du recel d'armes c'est comme ça qu'ils s' en mettent plein les poches. ||| La technologie en soi, on s'en fout complètement. Tout ce qu'on veut, c'est s'en mettre plein les poches. ||| Ces messieurs se servent, s'en mettent plein les poches et nous oublient. ||| Il s'en met plein les poches. J'en ai côtoyé, aux Moeurs.","We cannot afford to be led astray by a latter-day pied piper whose interests begin and end with lining his own pockets. ||| Yeah, well, I mean, dealing weapons-- that's how they make the big bucks. ||| We don't give two shits about how technology works because all we care about is getting fucking rich. ||| The rich people that we serve will put the money in their pockets and forget about us. ||| I met people like him in Vice."
se envoyer en le air,5,"-On va s'envoyer en l'air! ||| Les gens adoreraient voir ces deux intellos s'envoyer en l'air. ||| Allez, Lois on pourrait s'envoyer en l'air dans le jardin ici. ||| On ne va pas s'envoyer en l'air dans le lit de ma femme. ||| Tu as dû quitter le pays parce que ton coloc s'envoyait en l'air ?","- We're gonna get laid! ||| Come on. People would love to see these two nerds get freaky. ||| — Come on, Lois Let's get busy, maybe in the garden right here — ||| I'm not gonna fuck you in my wife's bed. ||| Wait, wait. You had to leave the state because your roommate was having sex?"
se faire larguer,5,"Un camion pour remonter le moral des filles qui viennent de se faire larguer. ||| C'est ce que je fais quand je me fais larguer. ||| Nous sommes Matthew McConaughey et Kate Hudson de la comédie romantique Comment se faire larguer en 10 leçons. ||| ""Comment se faire larguer en dix jours ?"" ||| Mon ex-mari Coleman, qui m'a largué pour une femme plus jeune, vient de se faire larguer par une femme plus jeune...","A truck that caters to girls who just got dumped. ||| That's what I do whenever a guy dumps me. ||| We're Matthew McConaughey and Kate Hudson from the classic romantic comedy How to Lose a Guy in 10 Days. ||| How to Lose a Guy in Ten Days. ||| My ex-husband Coleman, who dumped me for a younger woman, just got dumped by a younger woman..."
se jeter dans le gueule de le loup,5,"Va-t-on se jeter dans la gueule du loup ? ||| Nous on se jette dans la gueule du loup pendant que vous restez là, hors du danger ! ||| C'est ce qui s'appelle se jeter dans la gueule du loup. ||| Verdice se jette dans la gueule du loup. ||| Je voulais savoir ce que ça fait de se jeter dans la gueule du loup.","We'll be walking into a trap! ||| We're going down... while you all stay up here, out of danger. ||| I guess this is what they mean by moths flying to the flame. ||| Verdice is walking right into an arrest. ||| Wanted to know what it was like to walk into a propeller."
se mettre sur son 31,5,"Je me mets sur mon 31 et je vais à un enterrement. ||| Il se mettait sur son 31, prenait une valise. ||| Je me mettais sur mon 31. On faisait comme si on avait les moyens. ||| Mais je vais essayer de me mettre sur mon 31. ||| Le jour de la fête des Mères, les gens se mettent sur leurs 31.","I put on my best dress... to go to a funeral. ||| He'd get dressed up, pack a suitcase. ||| I'd get myself all dressed up, make the dealer believe we could actually afford it. ||| But I think I might try to dress up. ||| On Mother's Day, people pull out all the stops."
se occuper de son oignon,5,Elle ferait mieux de s'occuper de ses oignons. ||| Dis à ton amant qu'il s'occupe de ses oignons. ||| Les gens s'occupent de leurs oignons. ||| Qu'il s'occupe de ses oignons ! ||| J'espère que votre bande de batârds fouineurs va apprendre à s'occuper de ses oignons.,She should tend to her own affairs. ||| Your lover should stay out of it. ||| People mind their own business. ||| Why doesn't he mind his own business! ||| I wish you nosy bastards would learn to mind your own business.
se serrer le ceinture,5,"J'ai juste pris l'habitude de me serrer la ceinture. ||| Les temps sont durs. On doit tous se serrer la ceinture. ||| On peut se serrer la ceinture. ||| Avec la crise, le directeur financier veut qu'on se serre la ceinture. ||| Il faudra se serrer la ceinture un mois ou deux.",I've just gotten used to packing light. ||| Times are tough and we're all having to clamp down. ||| We can tighten it up. ||| Our CFO feels we need to do some belt-tightening. ||| We're just gonna have to suck it up for a couple months.
se vendre comme un petit pain,5,"Ça se vend comme des petits pains sur Internet. ||| Ces brioches ""Loyauté"" se vendent comme des petits pains. ||| Le livre se vend comme des petits pains. ||| Je garde les traces de ce que mes clients achètent, et ceux-là se vendent comme des petits pains. ||| L'aventure. Le sexe. Mets ça dans ton livre, il se vendra comme des petits pains.","They're going crazy on the Internet. ||| Those sweet buns marked ""Loyalty"" are selling like hot cakes ||| The book is selling like hotcakes. ||| I keep strict tabs on what my customers buy, and those are selling like hotcakes. ||| Adventure, sex... you put that in your book, it'll sell like hot cakes."
sur un coup de tête,5,"Ça se fait pas sur un coup de tête, réfléchis un peu. ||| On dirait bien que vous n'êtes pas venu ici sur un coup de tête. ||| Si Colleen est partie sur un coup de tête, elle n'a pas emporté grand-chose. ||| Écoute, je sais que c'est agaçant et même si on dirait que je fais ça sur un coup de tête, ce qui est le cas, il y a une raison à ma folie. ||| Elle n'a pas juste attaqué Tom sur un coup de tête parce qu'elle vous a entendu vous disputer vous et votre femme.","People don't do things like that. Just stop and think. ||| I see that you didn't come see us out of some passing emotion. ||| You know, if Colleen really did take off she didn't take much with her. ||| Look, I know this is annoying and although it seems like I'm making this up on the fly, which I am, there's a method to my madness! ||| She didn't just attack Tom out of an impulse because she overheard you and your wife argue."
tenir à le courant,5,"J'appelais juste pour vous tenir au courant des nouvelles. ||| Histoire que la police nous tienne au courant de l'enquête. ||| C'est une grosse enquête; Le directeur assistant a besoin de savoir qu'il sera tenu au courant sans fioritures, donc... ||| Je ne suis pas fou de joie d'entendre ça, mais il faut se tenir au courant. ||| Ils veulent prendre des notes, se tenir au courant, mais si ça leur sautait au visage, ils ne seraient pas responsables.","I'm just calling to give you an update. ||| At least have NYPD keep us in the loop on the investigation. ||| It's a major case; the Assistant Director needs to know he's getting the facts without spin, so... ||| I'm not exactly bursting to hear it either. We've gotta know what's going on. ||| It's like they want to keep tabs on this. They want to stay on top of it, but if it blows up in their faces, then they don't have to take responsibility for it."
tomber dans le panneau,5,"Non, je ne vais pas tomber dans le panneau pour ça encore. ||| Penses-tu vraiment que je vais tomber dans le panneau ? ||| Non, j'ai plaidé trop d'affaires pour tomber dans le panneau. ||| Il est tombé dans le panneau ! ||| Je n'arrive pas à croire que tu es tombé dans le panneau du ""roi tourmenté"".","No, I'm not falling for that again. ||| You really think you can goad me into doing a trick like that? ||| No, I've been in far too many courtrooms to fall for that. ||| Walked right into that one, didn't he? ||| I can't believe that you fell for the old ""king in trouble"" thing."
tomber dans le pomme,5,"Ma seule pause c'est quand elle retient son souffle et tombe dans les pommes. ||| oh, non, non, je tombe dans les pommes a la vue d'un vagin. ||| Et paf, j'ai percuté un réverbère... et je suis tombé dans les pommes. ||| Il va tomber dans les pommes. ||| D'abord, vous êtes tombé dans les pommes.","The only break I get is when she holds her breath and passes out. ||| Oh, no, no, I faint at the sight of vagina. ||| And bam, I hit this light pole... and just knocked myself out. ||| He's going to faint. ||| Well, for starters, you're a one-hitter quitter."
tourner le page,5,Ma cliente est prête à tourner la page. ||| Non... Tournons la page. ||| Ils se féliciteront et tourneront la page. ||| Tu dois tourner la page. Comment ça ? ||| Vous avez tourné la page.,My client is ready to put this behind her. ||| Now it's just time to let go. ||| They'll pat themselves on the back and they'll forget about it. ||| You have to let it go. ||| Closure.
tourner à le vinaigre,5,"Ça pourrait tourner au vinaigre en cas de bombardement. ||| Quand ça tourne au vinaigre, la première réaction est de nier. ||| Après ton départ, ça a tourné au vinaigre. ||| Okay, j'ai écouté ce que tu me disais, et je ne voulais que le diner tourne au vinaigre. ||| Qu'arrivera t'il quand la relation tournera au vinaigre? Ce qui, voyons les choses en face, arrive à la majorité des relations de Lorelai","If they start bombing the place, there's no telling what will happen. ||| They say when something bad happens to you, the first reaction is denial. ||| After you left it turned into a roman circus. ||| OK, I hear what you're saying, and I didn't mean for dinner to devolve into a merger meeting. ||| What will happen when the relationship goes sour... as, let's face it, most of Lorelai's relationships do?"
tout cracher,5,"Tout craché, oui. ||| C'est elle tout craché. ||| - Je te tue. Son père tout craché ! ||| C'est moi tout craché. ||| Ça, c'est toi tout craché !","Basically. ||| Right there. ||| That's my boy! ||| - Ah, well, that's me. ||| This is typical of you."
un bouchée de pain,5,"Ils l'achetèrent pour une bouchée de pain. ||| MacGyver, Khan te vendrait pour une bouchée de pain, tu le sais ? ||| Tout le monde veut aller à McMurdo pour une bouchée de pain. ||| Sinon, d'ici vendredi, York pourra acheter Ojai pour une bouchée de pain et il ne nous restera rien. ||| Je ne m'en séparerai pas pour une bouchée de pain.","They step in, they buy it for a pittance. ||| MacGyver, Khan would sell you down for a second cup of coffee, you know? ||| Everybody is looking for a cheap ride out to McMurdo. ||| Well, it's better than what most people do at odd hours on a computer. ||| And I will not throw it away for nothing."
un coup de main,5,"- Besoin d'un coup de main ? ||| - Bonjour, un coup de main ? ||| Il donne un coup de main avec les fournisseurs et... ||| Vous êtes tellement doués pour trouver des trucs, peut-être que vous pourriez donner un coup de main à mon équipier. ||| Elle donnait un coup de main à la maison et à son père au travail.","Need a hand? Nah. ||| - Hey ya, may I help you on here ? ||| He's uh, helping out, keeping things together with the vendors and... ||| You guys are so good at finding things, maybe you could give my partner a hand. ||| She lends you a helping hand at home and her father at work."
un froid de canard,5,"Il y faisait un froid de canard. ||| Il doit faire un froid de canard, à Joliet. ||| - Il y fait un froid de canard. ||| Un froid de canard. ||| Il doit faire un froid de canard, en ce moment.","Freezing in there. ||| I wonder how cold it is in Joliet. ||| - Yeah, but it's freezing in there, Dad. ||| Freezing cold. ||| Must be cold as hell this time of year."
vendre le peau de le our avant de le avoir tuer,5,"Comme dit le vieux dicton : il ne faut pas vendre la peau de l'ours avant de l'avoir tué. ||| Ne pas vendre la peau de l'ours avant de l'avoir tué. ||| Elle vend la peau de l'ours avant de l'avoir tué. ||| Je ne veux pas compter nos poussins avant qu'ils éclosent (=vendre la peau de l'ours avant de l'avoir tué) ||| Venez, je vais vous montrer qu'il est fou celui qui vend la peau de l'ours avant de l'avoir tué.","I just remembered the old saying, ""Don't count your chickens before they hatch."" ||| - No. Cannot sell bearskin before shooting bear. ||| She's counting her chicks before they're hatched. ||| I don't want to count our chickens before they hatch. ||| Come, I hope to show you clearly how foolish it is to sell the bearskin while the bear is still alive."
à quelque chose malheur être bon,5,"à quelque chose malheur est bon. ||| Les circonstances sont regrettables, mais à quelque chose malheur est bon. ||| A quelque chose malheur est bon. ||| Eh bien, à quelque chose malheur est bon. ||| Souvenez-vous: ""A quelque chose malheur est bon.""","dark clouds do have silver linings. ||| The circumstances are unfortunate, but each loss brings opportunity. ||| Silver lining for your black cloud. ||| This turned out to be a blessing in disguise. ||| Remember, every cloud has a silver lining."
ça coûter un bras,5,"Ça coûtera un bras de les refaire. ||| Oh oui, pour sûr, on peut la guérir. Sauf que ça coûte un bras de lui sauver un oeil. ||| Merci de ne pas le manger, ça coûte un bras. ||| - ça coûte un bras et une jambe. ||| Ça coûte un bras.","It would cost thousands to redo them. ||| You know what they charge for an eye? ||| I didn't have time to make it into anything, and please don't eat it 'cause it cost $55 an ounce. ||| - It costs an arm and leg. ||| Seems a little steep."
ça marcher,5,"Je veux dire, trop de travail... pour que ça marche. ||| Après de nombreuses études, on a conclu la même chose que les parents, à savoir que ça marche avec un bon enseignant et que ça ne va pas quand l'enseignant est mauvais. ||| ""C'est les chiffres, putain, ça marche plus ! Regarde !"" ||| Ca marche pas. ||| Ça marche.","I mean, too much work to make it... work. ||| After lots of studies, we come down to just what most parents believe, and that is a good teacher is what's working and a bad teacher is what's not working. ||| ""It's the numbers, fuck, it doesn't work anymore! ||| I don't know I can't remember 'cause at that point I zoned out 'cause some real hot fireman came into the bar ||| Coming right up."
être bien dans son peau,5,"Chacun fait un truc qui l'aide à être bien dans sa peau. ||| T'es inquiète, mais je suis bien dans ma peau, tu voudrais que ça dure. ||| Pour les aider à être bien dans leur peau. C'est flippant, non ? ||| Tu m'aides à me reconstruire, à être bien dans ma peau. ||| le gagnant du concours devrait juste être une petite fille qui passe un magnifique moment sur scène, Qui est bien dans sa peau qui aime être sur scène et à confiance Et c'est vraiment ca","Everybody has their thing they do that makes them feel better about themselves. ||| Rochelle, I know you're concerned right now, but if you knew how I felt, you'd want me to keep feeling this way. ||| Helped them feel good about themselves. ||| It's because, like, you're really good at like, building me up, and like, makin' me feel good about myself. ||| The winner of the pageant should just be an all-around little girl who's having a great time on stage, who's comfortable in herself, loves being on stage and feels confident and that's really it."
être canon,5,"Tu es canon. ||| Et au fait, toi aussi t'es canon. ||| Soit parce qu'elle est canon soit parce que c'est la seule fille du groupe. Mais dans tous les cas, je suis fou d'elle. ||| Je parie qu'elle est canon. ||| Il est canon.","You're the sexy one. ||| By the way, I think you're hot, too. ||| I don't know whether it's 'cause she's hot or maybe it's 'cause she's the only girl around, but... either way, I'm totally smitten. ||| Something tells me she's a knockout! ||| He looks proper lush."
être crever,5,"Voilà pourquoi je suis crevée! ||| Tu es crevée après ce voyage. ||| Le réveil sonne, vous vous êtes levé tôt, vous êtes crevé, sonné. ||| Ma cliente était crevée. ||| Je suis crevé.","Well, that's because I'm tired! ||| You're tired after all that travelling. ||| So you get up in the morning, you're exhausted, groggy. ||| My client was wasted. ||| Yeah, I'm pretty beat. Well, I need you."
être dans le lune,5,"Je suis dans la lune aujourd'hui. ||| Tu es dans la lune, Frank! ||| Nous offrons le sacrifice du sang Vous êtes dans la lune ou quoi? ||| - Stan, Stan, t'es dans la lune, hein. ||| Viens. T'es dans la lune.","Wow. I'm a space cadet today. ||| You weren't there, Frank. ||| We're offering blood sacrifice What are you daydreaming for? ||| -You're a bit out of it, huh? ||| Come on, you're zoning."
être en train de,5,"Il est en train de le faire, il défonce la porte. ||| et j'étais en train de me branler. C'est ça que tu veux, ah? ||| Il bâille, mais pas la suspecte qu'il est en train d'interroger. ||| Tu es en train de faire un sandwich ou attirer un cerf ? ||| Je ne savais pas que c'était si mal d'épouser quelqu'un que j'aimais, et ne pas ne pas savoir qu'en me mariant avec cette personne dont je suis si amoureuse, que j'étais en train de laisser tomber la communauté Gay toute entière.","He's doing it, he's breaking down the door. ||| I was under your window and I was jerking off. ||| He yawns, but not the suspect he's questioning. ||| Were you making a sandwich or attracting deer? ||| I didn't know that it was wrong to marry somebody that I was in love with, and I didn't know that by marrying someone I'm very much in love with, I was letting down the entire gay community."
être le dindon de le farce,5,"Non, mais on sera les dindons de la farce. ||| - C'est le dindon de la farce. ||| Bien sûr, par moment, j'étais le dindon de la farce... Mais rien de bien grave... ||| - Et j'ai été le dindon de la farce. ||| Mais je t'ai épousée, je suis le dindon de la farce.","No, but we're farting on our own candle. ||| - It's the classic barnacle. ||| Yes, I was the butt of the occasional practical joke, but I mean, er...nothing sinister. ||| - You played me for a sap. ||| I know. But I'm married to you, so the joke's on me."
être mal en point,5,"- Vous êtes mal en point. ||| Votre patient est mal en point. ||| Le monstre est mal en point ! ||| C'est bien, à part votre plante qui est mal en point. ||| Il était mal en point.","-You're hurt pretty bad. ||| You have a patient in distress. ||| Mrs. Goforth is a dieing monster! ||| Looks pretty good, except your sweet potato's got the blight. ||| He was really messed up."
être sage comme un image,5,"Il a été sage comme une image. ||| Je serai sage comme une image ! ||| Il est sage comme une image, ce petit gentleman italien. ||| On va être sage comme des images. ||| Alors que j'étais sage comme une image.","Didn't give me an ounce of trouble. ||| - Like an angel of light. ||| Good as gold he is, little Italian gentleman. ||| We're gonna be real good now. ||| And I was as good as gold."
être sur son 31,5,Elle était sur son 31. C'est un peu tôt pour aller en boîte. ||| Vous êtes sur votre 31. ||| - Tu es sur ton 31. ||| Il est sur son 31. ||| Pourquoi vous êtes sur votre 31 ?,"She was certainly dressed to impress, but it's a little early for clubbing, isn't it? ||| You're looking great. ||| - Whoa, don't you look sharp. ||| He's looking sharp! ||| What's with the dress up?"
être à le ouest,5,"T'es à l'ouest. ||| Tu es à l'ouest, aujourd'hui. ||| J'ai l'impression d'être à l'ouest. ||| Ouais, j'ai bien entendu mais je préfère oublier ce que tu as dit par ce que t'es à l'ouest. ||| Il est à l'ouest !","You're way off track. ||| You're a million miles away right now. ||| I feel like such a stupid mess. ||| Yeah, I did hear you but I'm going to forget what you said because you're not thinking straight. ||| Aw, he's tripping."
être à le taquet,5,"Mes gars sont au taquet. ||| je suis au taquet. ||| Demain, on va être au taquet. Je veux une équipe au Parlement. Et des éditions spéciales. ||| ""Hier soir, j'ai rencontré une artiste de selfie sexy et je suis au taquet, parce que je vais peut-être la baiser."" ||| Mon Dieu, tout le monde est au taquet aujourd'hui.","My guys prevailed. ||| I'm on fire. ||| Try to find out who's busy in the morning, we must have the Castle fully staffed from now on, and we need an extra broadcast. ||| ""Last night, I met this sexy young selfie artist, and I'm psyched because maybe I'm gonna fuck her brains out."" [laughs] ||| My goodness, everyone's on their game today."
aller se faire cuire un œuf,4,"Mais je suis d'accord avec l'idée de Gina ""D'aller se faire cuire un œuf."" ||| Je lui ai dit d'aller se faire cuire un oeuf. ||| Cette année, elle peut aller se faire cuire un œuf. ||| Pour ce qui est de Mme Marko, dites-lui d'aller se faire cuire un oeuf.","But I'm going with Gina's ""suck an egg"" idea. ||| I told him to go fly a kite. ||| This year she can go... Blow a balloon. ||| And as for Mrs. Marko, I should tell her to go fry an egg."
enfoncer un porte ouvrir,4,"Eh bien, au risque d'enfoncer une porte ouverte, c'est fini. ||| C'est comme si j'enfonçais une porte ouverte encore et encore. ||| Tu enfonces une porte ouverte. ||| C'est enfoncer une porte ouverte, mais, d'accord...","Well, at the risk of stating the obvious, it's over. ||| But that's just stating the obvious over and over. ||| Now you're preaching to the choir. ||| That's sort of a given but, yes."
jeter le bébé avec le eau de le bain,4,"Je ne veux pas jeter le bébé avec l´eau du bain. ||| Eh bien, si tu vas jeter le bébé avec l'eau du bain... ||| qui devient intéressant de commencer, mais que personne ne ""jeter le bébé avec l'eau du bain"" et je pense que c'est très important, de garder la foi dans la science. ||| On jetait le bébé avec l'eau du bain.","I don't want to throw the baby out with the bathwater. ||| Well, if you're gonna throw the baby out with the bathwater... ||| But one doesn't want to throw the baby with the bath water and I think it's really important to stay faithful to science. ||| A case of throwing the baby out with the bath water."
le carotte être cuire,4,"Oh, mon gars, les carottes sont cuites. ||| Les carottes sont cuites et servies. Joli ! ||| Si Eaton les convainc d'être des martyres et d'accepter les 30 jours, les carottes sont cuites. ||| Vous vous dites, ""Les carottes sont cuites!","Oh, boy, my goose is cooked now. ||| Your goose... is cooked and served. ||| He doesn't have a right to be deaf, so he'll have to listen to what we have to say. First thing, there's nothing in your file about children. ||| You're saying to yourself, ""The jig is up!"
passer de le coq à le âne,4,"Je passe du coq à l'âne et je suis peut-être indiscrète, mais qu'est-ce que c'est que ce bruit ? ||| En quelques clics, vous passez du coq à l'âne ? ||| Peter Petrelli est passé du coq à l'âne comme vous le dîtes chez vous. ||| Il semble passer du coq à l'âne.","Speaking of change of pace, it probably isn't any of my business, but would you mind telling me what that noise is? ||| What I don't believe is that a couple clicks took you from fiber-optic footprints to ""Help Me Rhonda."" ||| Peter Petrelli went from steady as a clam to, as you say, crap-house rat in a blink. ||| He seems to be drifting from one thought to another."
prendre son clique et son claque,4,"Prends tes cliques et tes claques et va-t'en. ||| Prends tes cliques et tes claques et va à Paris. ||| Prenez vos cliques et vos claques, partez. ||| Alors j'ai pris mes cliques et mes claques et je me suis enfui comme un perdu !",Pack up your shit and go home. ||| Do as I say and head to Paris first thing. ||| I want you out of the house. ||| Then I packed my things and ran away like a madman!
se noyer dans un verre de eau,4,"Parce que c'est pas ton idée, et Matt se noie dans un verre d'eau, donc ça doit être celle de Caroline. ||| Cette ville entière se noie dans un verre d'eau. ||| On se noie dans un verre d'eau. ||| Il se noie dans un verre d'eau.","Because it's not your idea, and Matt can't think his way out of a paper bag, so it must be Caroline's. ||| Whole city's going to hell in a handbasket. ||| Might we not be creating a storm in a tea cup? ||| This man would drown in a glass of water."
sentir le sapin,4,"Ça sent le sapin, mec. ||| Quand ils sortent, ça sent le sapin. ||| Pour notre ami le Bandit Ça sentait le sapin ||| - II sent le sapin!","That sucks, dude. ||| Once they're up, that's it. ||| And everybody that seen it thought the Bandit was gone ||| - He knows it's coming!"
être rouge comme un tomate,4,"T'es rouge comme une tomate. ||| Oui, t'es rouge comme une tomate. ||| Pudding était rouge comme une tomate ! ||| Elle ne connaissait pas de Maxime, mais elle était rouge comme une tomate.","Ooh! Your face is red! Like a strawbrerry! ||| Yeah, you're all flushed. ||| Heh, Pudding's face is red as a raspberry! ||| Ik don't know any Maxime. Her face red like a tomato."
"quand le chat ne être pas là , le souris danser .",3,"Oui, mais ce que tu ne réalises pas quand le chat n'est pas là, les souris dansent. ||| - Quand le chat n'est pas là, les souris dansent... ||| Tu sais ce qu'on dit, ""Quand le chat n'est pas là, les souris dansent.""","Well, what you don't realize is that when the cat's away, the mice will play. ||| - You were just taking advantage of the cat's absence. ||| 'You know what they say, ""While the cat's away, the mice will play."""
être rouge comme un écrevisse,3,"Viens pas pleurer quand tu seras rouge comme une écrevisse. ||| Tu parles, j'étais rouge comme une écrevisse! ||| Viens pas pleurer quand tu seras rouge comme une écrevisse.","Don't come crying to me when you're as red as a tomato. ||| Oh, sure... I was as red as a beetroot! ||| Don't come crying to me when you're as red as a tomato."
arriver comme un cheveu sur le soupe,3,"J'arrive comme un cheveu sur la soupe, mais j'ai pensé que je devais venir vous annoncer la nouvelle, personnellement. ||| Ça arrive comme un cheveu sur la soupe, c'est tout. ||| Vanessa est arrivée comme un cheveu sur la soupe.","It's rather remiss of me to intrude on you like this... but I really felt I should break the news to you personally. ||| It's just a bolt out of the fucking blue, that's all. ||| Vanessa turned up at an awkward moment."
avoir un poil dans le main,3,"Il a un poil dans la main. ||| Surtout ceux qui ont un poil dans la main. Ils préfèrent rester assis et manger des fruits. ||| Et toi aussi mon petit Mattis tu pourrais aider, mais tu as un poil dans la main.","That boy is scared of working. He ain't done a lick of work in his life. ||| They're just too idle to work. ||| What about you, little Mattis. You could lend a hand too."
boire un coup,3,Millie ne sera pas choquée de voir quelqu'un boire un coup. ||| Deux courtiers sont venus boire un coup. ||| Viens boire un coup ce soir.,Millie won't be shocked to see somebody take a drink. ||| A couple of brokers stopped in for spritzers one night. ||| Aren't you coming with us?
chat échauder craindre le eau froid,3,"Inutile, ""chat échaudé craint l'eau froide"". ||| Chat échaudé craint l'eau froide. ||| Chat échaudé craint l'eau froide, hein ?","They're scared enough as it is. ||| I got burned once and I learned my lesson. ||| The burned child dreads the fire, eh?"
donner de le confiture à le cochon,3,"Lutter contre ce type, c'est donner de la confiture aux cochons ! ||| C'est comme donner de la confiture aux cochons, hein ? ||| Et il a passé sa vie à donner de la confiture aux cochons.","A fight with that guy is like feeding sows to the pigs. ||| Like throwing pearls to the pigs, eh? ||| And then he spent his whole career ""casting pearls before swine"", He talked like that..."
mettre de le piment dans son vie,3,Ça met du piment dans ma vie. ||| Je mets du piment dans vos vies et vous vous plaignez sans cesse. ||| Ça met du piment dans notre vie amoureuse.,"Adds a little excitement to my life. ||| I add a little excitement, a little spice to your lives and all you do is complain. ||| It adds mystery and excitement to our love life."
mettre le charrue avant le boeuf,3,"Mais dans votre cas, je pense que ça serait plus sage de mettre la charrue avant les boeufs, si on peut dire. ||| Sans mettre la charrue avant les boeufs, que se passera-t-il, si je réussis? ||| J'ai mis la charrue avant les boeufs.","But in your case, I think it would be wise to put the cart before the horse,so to speak. ||| I don't want to get ahead of myself, but if things go my way, what's next? ||| I put the cart before the horse."
"petit à petit , le oiseau faire son nid",3,"A l'aise :""Petit à petit, l'oiseau fait son nid""! ||| ""Petit à petit, l'oiseau fait son nid."" ||| petit à petit, l'oiseau fait son nid.","""The early bird catches the worm."" ""A stitch in time saves nine."" ||| You know the phrase 'Softly softly catchee monkey'? ||| I call it my onwards and upwards theory."
"péter un câble,être en train de",3,"C'est pas sa mère qui est en train de péter un câble. ||| Randy est en train de péter un câble là-bas dedans. ||| - Ethan, je suis en train de péter un câble à cause...","It's not his mother who's gone around the bend. ||| Randy's losing his brain in there. ||| Ethan, I'm freaking out."
qui voler un œuf voler un bœuf,3,"Hier, vous ignoriez son existence. Qui vole un œuf vole un bœuf. ||| Qui vole un œuf vole un bœuf. Après la pluie, le beau temps. ||| ""Qui vole un oeuf vole un boeuf"" ?","Let a man steal an egg, tomorrow he'll steal an ox. ||| ""Half a loaf of bread is better than none."" ||| ""A bird in the hand's worth two in the bush""?"
recevoir un note salé,3,"Et on a reçu une note salée pour la réquisition de photos d'un certain congrès. ||| Il va recevoir une note salée, hein ? ||| Car si vous voulez savoir, De temps en temps je reçois des notes salées !","The accounts department received a huge bill for the requisition of photos from some congress. ||| He'll have some huge bill when he's done, right? ||| But I do want to know about that because I get endless bills to pay!"
se prendre un râteau,3,Laisse-la se prendre un râteau. ||| Alors je me prends un râteau. Je suppose. ||| Mais j'ai pas l'habitude de me prendre un râteau.,"Let her learn the hard way. ||| Wow, so you're turning me down? ||| I'm not used to being blown off, that's all."
"tourner le page,être en train de",3,"Je sais que tu as besoin d'espace, mais tu ne peux pas en avoir, car Alex est en train de tourner la page. ||| Je suis en train de tourner la page. ||| Je suis en train de tourner la page, vraiment, je travaille dur pour tourner la page.","I know you want space, but you can't have space, because Alex might be moving on. ||| I'm turning over a new leaf. ||| I'm getting over this. I am. I'm working really hard to get over this."
"ça marcher,être en train de",3,"On est en train de chercher une solution, mais si ça marche pas, tu sais ce que tu dois faire ? ||| Elle prend un bain ou quoi ? Si t'es en train de te baptiser, c'est pas comme ça que ça marche ! ||| Quoi que tu sois en train de faire, ça marche.","We're trying to solve it, but you know what to do... if it doesn't work out, right? ||| It doesn't count if you try to baptize yourself. ||| Whatever you're doing in there, it's working."
être rouge comme un pivoine,3,Il est rouge comme une pivoine. ||| - T'es rouge comme une pivoine. ||| Tu es rouge comme une pivoine.,"Look at him, he's red. ||| - Totally blushing. ||| Your face is beet red."
être un poule mouiller,3,C'est une poule mouillée. ||| T'es une poule mouillée! ||| Son père disait que c'était une poule mouillée.,He's a yellow coward. ||| Chicken! ||| To think that his father called him a yellow-belly!
"ce être le fin de le haricot,le fin de le haricot",2,Je crois que c'est la fin des haricots pour le mollusque à moteur. ||| C'est la fin des haricots.,Looks like the party is over for the motoring mollusk. ||| It's a nail in my coffin.
changer un crèmerie,2,M. Blumenthal qui menace de changer de crèmerie. M. Hardigan... Il t'a dit ça ? ||| Elles ont changé de crèmerie pour se cacher.,Mr. Blumenthal's threatening to take his business elsewhere. ||| The two ninnies just moved to a more private venue.
finir en queue de poisson,2,Et ça finit en queue de poisson. ||| L'enquête pourrait finir en queue de poisson.,Then it all fizzles out. ||| The investigation could end up going the other way.
"pleurer comme un madeleine,être en train de",2,Tu crois qu'Elliot est en train de pleurer comme une madeleine ? ||| La dernière fois que je vous ai vu... vous étiez en train de pleurer comme une madeleine.,"Do you think Elliot's somewhere right now, crying her eyes out? ||| Have you come to talk about marriage?"
"poser un lapin à quelqu'un,poser un lapin",2,"Ce serait comme poser un lapin à quelqu'un au bal de fin d'année. ||| Tu as posé un lapin à quelqu'un, récemmment ?",It'd be like standing someone up for the prom. ||| You? Stand anyone up lately?
"prendre le tête,être en train de",2,Tu es en train de te prendre la tête. ||| Sarah est en train de te prendre la tête.,"You're psyching yourself out. ||| Oh, Sarah's got you all up in a tizzy."
"être crever,en avoir marre",2,"- Je suis crevée, j'en ai marre. ||| Je suis crevé, et j'en ai marre de tout ça.",I'm tired and I'm bored. What are you bored of? ||| I'm just tired and just really tired of all of it.
être à le four et à le moulin,2,"Impossible d'être au four et au moulin, et je ne peux pas faire de miracle. ||| On peut pas être au four et au moulin.","You cannot pick up two melons with one hand, and I cannot work miracles. ||| I can't cut myself in two."
faire le pont,1,Je fais le pont du 4 Juillet. Je resterai 3 jours.,"Yeah, I'm taking the 4th off, so I'll be there for three days."
"aller droit à le but,en avoir marre",1,J'en ai marre de jouer au chat et à la souris. J'ai Faith pour ça. Allons droit au but.,'Cause you know I'm here to take that call
"avoir le cafard,en avoir marre",1,"C'est une fille qui a le cafard. Elle en a marre de la guerre, marre d'être seule, à attendre que son homme revienne.",It's about a very lonely girl who's sick and tired of war and being left alone.
"avoir le chair de poule,ah le vache",1,"Ah la vache, j'en ai la chair de poule.",Oh my God I got goose bumps.
casser de le sucre sur le dos de quelqu'un,1,"Et d'ailleurs, je déteste casser du sucre sur le dos de quelqu'un.","Anyway, I don't like talking about people behind their back."
"coûter le œil de le tête,boire un coup",1,"Même si ça me coûte les yeux de la tête, pour payer ses études, je remercie Dieu de pouvoir encore boire un coup.",Considering it costs me an arm and a leg to pay for his education I'm thankful I can afford to drink
"en avoir marre,en avoir rien à foutrer",1,"Putain, j'en ai rien à foutre! J'en ai marre!","Fuck, I don't want to know, I've had enough!"
"en avoir marre,tourner le page",1,"C'est la faute à personne. Terminé. Tourne la page, j'en ai marre.","Move on, because, frankly, I'm sick of hearing about it."
"en avoir marre,être en train de",1,Nous sommes en train d'en avoir marre l'un de l'autre.,We're slowly getting sick of each other.
"en avoir rien à foutrer,en avoir rien à cirer",1,"Si tu te sens seul, comme si on en a rien à foutre de toi... et que le monde entier en a rien à cirer, moi, je suis là.","If you're feeling alone, like nobody in the world cares... and nobody in the fucking world gives a shit, then I'm here."
"faire gaffe,être en train de",1,"Fais gaffe, je suis en train de suturer.",Hello. I'm suturing here.
"faire le gras matinée,être en train de",1,Elle doit être en train de faire la grasse matinée dans la chambre de Jake.,"Uh, gee, I guess she's probably still asleep in jake's room."
mener quelqu'un en bateau,1,"- Une déposition, d'après lui. Je crois plutôt qu'il essaie de mener quelqu'un en bateau.","- He says it's a statement, but I think he's putting somebody on."
ne pas avoir son langue dans son poche,1,Je suis censé les détester. Ne pas avoir ma langue dans ma poche.,I'm supposed to despise girls... not feel nervous talking to one.
on ne avoir pas élever le cochon ensemble,1,On n'a pas élevé les cochons ensemble !,Make sure he doesn't sit near me.
"partir en fumée,être en train de",1,C'était en train de partir en fumée.,McGEE: It was running on fumes.
plumer quelqu'un,1,"Plumer quelqu'un, c'est facile.","Beating a man out of his money, that's easy."
"se envoyer en le air,être en train de",1,"Imagine combien de gens sont en train de s'envoyer en l'air, mec.","Imagine how many people out there right now are fucking, man."
"tenir à le courant,jeter un coup de oeil",1,On jette un coup d'oeil et on te tient au courant.,We'll take a look and get back to you.
"tenir à le courant,ça marcher",1,"j'envisage de changer de camp. Je vous tiens au courant, je vous dirai si ça marche.","It's a question you haven't asked,mikayla,and i'm so surprised."
"tourner à le vinaigre,être en train de",1,Votre relation est en train de tourner au vinaigre ?,Has your relationship reached its inevitable ugly end?
traîner quelqu'un dans le boue,1,C'est pas parce qu'elle a épousé un shérif qu'elle a le droit de traîner quelqu'un dans la boue comme ça.,Just 'cause you're married to law enforcement doesn't give you the right to... to take somebody's name down like that.
"un coup de main,être en train de",1,Tu devrais être en train de t'occuper de Ben I'invalide. II va très bien. Tout Ie monde peut avoir besoin d'un coup de main.,THAT'S HOW IT SOUNDED.
un sien valoir mieux que deux il le avoir,1,Un tien vaut mieux que deux tu l'auras.,"Well, no time like the present."
"ça marcher,avoir le pêche",1,"J'ai la pêche, ça marche plus vite que j'imaginais.",Don't be paranoid. I feel great. Didn't expect the meds to work this quickly.
"ça marcher,en avoir marre",1,J'en ai marre qu'ils me mentent. Et je sais que ça marchera jamais.,I'm sick of them lying to me and I know that it's never going to work.
"ça marcher,en avoir rien à foutrer",1,"Mais je me suis investie pour faire en sorte que ça marche, mais il en avait rien à foutre.","But I put everything I had into it to make it work, and he could care less."
"ça marcher,faire gaffe",1,Ça marchera pas. - Faut faire gaffe.,"What do you think, honey?"
"ça marcher,il falloir souffrir pour être beau",1,"""Il faut souffrir pour être beau."" Essayez, ça marche.",Beauty Knows No Pain. just try it. It's gotten more ladies through my class...
"ça marcher,tourner le page",1,"Si ça marche pas, tournez la page.","If it doesn't work out, you move on. (chuckles) Mm-hmm."
"ça marcher,un coup de main",1,Ça marcherait peut-être mieux si tu donnais un coup de main.,It would be easier if you helped me.
"être canon,être en train de",1,Tu es en train de dire que ta sœur est canon ?,"What a freak! You're going to hell, man!"
"être crever,avoir le dalle",1,"Je suis crevé, j'ai la dalle et la migraine !","I don't know where the fuck we are and we don't have any water. I'm tired, I'm hungry, and I've got a headache."
"être crever,crever le dalle",1,"Tout ce que j'ai à faire, c'est crever la dalle une semaine... et je retrouverai la vie infernale que j'avais avant ?","So all I gotta do is starve and be miserable for a week, then my life will go back to the normal hell it always was?"
"être crever,être en train de",1,Tu es crevé. Tu es en train de guérir.,"Uh, like...you're tired."
"être en train de,boire un coup",1,- On devrait être en train de boire un coup.,"- Yeah, we should be at the bar by now."
"être en train de,se faire larguer",1,Est-ce que je suis en train de me faire larguer ?,Am I getting dumped?
