idiom,num_contexts,contexts
A alguien le patina el embrague,0,
A caballo regalado no le mires el diente,0,
"A enemigo que huye, puente de plata",0,
"A falta de pan, buenas son tortas",0,
A la tercera va la vencida,0,
A nadie le amarga un dulce,0,
"A rey muerto, rey puesto",0,
"A río revuelto, ganancia de pescadores",0,
Abrir el paraguas antes que llueva,0,
Abrir la caja de los truenos,0,
Acabar como el rosario de la aurora,0,
Acercar posiciones,0,
Acordarse de Santa Bárbara cuando truena,0,
Actuar bajo cuerda,0,
Adelantarse a su tiempo,0,
Afilarse las uñas,0,
Aflojar la mosca,0,
Aflojar las riendas,0,
Agachar las orejas,0,
Agarrarse a un clavo ardiendo,0,
Agárrate que vienen curvas,0,
Agitar el avispero,0,
Aguantar mecha,0,
Aguántate mientras cobro,0,
Agudizar el ingenio,0,
Ahogar las penas,0,
Ahogarse en un vaso de agua,0,
Ahuecar el ala,0,
Airear los trapos sucios,0,
Alegrar la vista,0,
Allanar el camino,0,
Alucinar por un tubo,0,
Alzar el vuelo,0,
Andar a la greña,0,
Andar a salto de mata,0,
Andar como Pedro por su casa,0,
Andar con cien ojos,0,
Andar con la soga al cuello,0,
Andar con ojo,0,
Andar con pies de plomo,0,
Andar de capa caída,0,
Andar en la cuerda floja,0,
Andar mal de la azotea,0,
Andar pisando huevos,0,
Andarse con rodeos,0,
Andarse por las ramas,0,
Anunciar a bombo y platillo,0,
Apaga y vámonos,0,
Aparecer por arte de birlibirloque,0,
Aplicar doble vara de medir,0,
Apostar a caballo ganador,0,
Apostar por alguien,0,
Apuntar maneras,0,
Apuntarse a un bombardeo,0,
Aquellos polvos trajeron estos lodos,0,
Aquí hay gato encerrado,0,
Aquí hay tema,0,
"Aquí te pillo, aquí te mato",0,
Arañar votos,0,
Armarse la de Dios es Cristo,0,
Armarse la Marimorena,0,
Arrancar un problema de raíz,0,
Arreglárselas bien,0,
Arrimar el ascua a su sardina,0,
Arrimar el hombro,0,
Arrimarse al sol que más calienta,0,
Así le luce el pelo,0,
Atar cabos,0,
Atar los perros con longaniza,0,
Atarse los machos,0,
Bailar con la más fea,0,
Bajar los humos,0,
Bajar marcha,0,
Bajarse del burro,0,
Bajarse los pantalones,0,
Barrer para casa,0,
Batirse el cobre con alguien,0,
Beber los vientos por alguien,0,
Besar el culo a alguien,0,
Brillar por su ausencia,0,
"Burro grande, ande o no ande",0,
Buscarle a uno las cosquillas,0,
Buscarle las vueltas a alguien,0,
Buscarle tres pies al gato,0,
Cada cual habla de la feria según le va en ella,0,
Caer chuzos de punta,0,
Caer como una bomba,0,
Caer en saco roto,0,
Caerse de la higuera,0,
Caerse la cara de vergüenza,0,
Caérsele el mundo encima,0,
Caérsele el pelo a alguien,0,
Caérsele la baba,0,
Caérsele los anillos,0,
Cagarse de miedo,0,
Calentar motores,0,
Calentarle la cabeza a alguien,0,
Callarse como una puta,0,
Cambiar de chaqueta,0,
Cambiar de disco,0,
Cambiar de tercio,0,
Cambiar el agua al canario,0,
Campar a sus anchas,0,
Cantar como una almeja,0,
Cantar la caña,0,
Cantar victoria,0,
Cantarle a alguien las cuarenta,0,
Cargar con el mochuelo,0,
Cargar pilas,0,
Cargarle el muerto a alguien,0,
Casarse de penalti,0,
Cavarse su propia tumba,0,
Caza de brujas,0,
Cerrar a cal y canto,0,
Cerrar el pico,0,
Cerrar filas,0,
Cerrar heridas,0,
Cerrarle la boca a alguien,0,
Cerrarse en banda,0,
Chupar cámara,0,
Chupar del bote,0,
Chuparle la sangre a alguien,0,
Chuparse el dedo,0,
Coger carretera y manta,0,
Coger el rábano por las hojas,0,
Coger el toro por los cuernos,0,
Coger las riendas,0,
Coger un globo,0,
Coger una mona,0,
Colgar el sambenito a alguien,0,
Colgar las botas,0,
Comer como una lima,0,
Comer de gorra,0,
Comer techo,0,
Comerle la oreja a alguien,0,
Comerse el coco,0,
Comerse el marrón,0,
Comerse el mundo,0,
Comerse la lengua el gato,0,
Comerse los mocos,0,
"Como te muerdas la lengua, te envenenas",0,
Compra un bosque y piérdete,0,
Compuesta y sin novio,0,
Con el pan de mis hijos no se juega,0,
Conocer a alguien como si lo hubieras parido,0,
Conocer el percal,0,
Construir castillos en el aire,0,
Consultar con la almohada,0,
Contar cuentos chinos,0,
Convertirse en una merienda de negros,0,
Correr la voz,0,
Correr un tupido velo,0,
Cortar el bacalao,0,
Cortar el rollo,0,
Cortar las alas,0,
Cortar por lo sano,0,
Cortarse la coleta,0,
Costar algo Dios y ayuda,0,
Costar un ojo de la cara,0,
Costar un riñón,0,
Creer a pies juntillas,0,
Creerse el ombligo del mundo,0,
Cría cuervos y te sacarán los ojos,0,
Criar a alguien entre algodones,0,
Criar malvas,0,
Cruzar el charco,0,
Cruzarle la cara a alguien,0,
Cuando las ranas críen pelo,0,
Cubrir el expediente,0,
Cubrirse las espaldas,0,
Curarse en salud,0,
Dar aire,0,
Dar calabazas,0,
Dar carta blanca,0,
Dar coba,0,
Dar de sí,0,
Dar el callo,0,
Dar el cante,0,
Dar el coñazo,0,
Dar el día a alguien,0,
Dar el espectáculo,0,
Dar el golpe de gracia,0,
Dar el pego,0,
Dar el soplo,0,
Dar en el blanco,0,
Dar en el clavo,0,
Dar esquinazo a alguien,0,
Dar estopa,0,
Dar gato por liebre,0,
Dar jarabe de palo,0,
Dar la cara,0,
Dar la lata,0,
Dar la nota,0,
Dar la vara,0,
Dar las uvas,0,
Dar luz verde,0,
Dar mala espina,0,
Dar manga ancha,0,
Dar mil vueltas a alguien,0,
Dar mucha guerra,0,
Dar palos de ciego,0,
Dar pasos en falso,0,
Dar patadas al diccionario,0,
Dar por donde amargan los pepinos,0,
Dar un braguetazo,0,
Dar vela en un entierro,0,
Darle a la sin hueso,0,
Darle betún a alguien,0,
Darle la vuelta a la tortilla,0,
Darle vueltas a la cabeza,0,
Darle vueltas a un asunto,0,
Darlo todo,0,
Darse con un canto en los dientes,0,
Darse de bruces con algo/alguien,0,
Darse un baño de multitudes,0,
Darse un baño de realidad,0,
Darse un buen tute,0,
Darse un leñazo,0,
Dársela a uno con queso,0,
"De perdidos, al río",0,
De casta le viene al galgo,0,
Decir algo con la boca pequeña,0,
Decir algo por activa y por pasiva,0,
Decirle a alguien cuatro verdades,0,
Defender a capa y espada,0,
Defenderse como gato panza arriba,0,
Defenderse con uñas y dientes,0,
Dejar a alguien con la boca abierta,0,
Dejar a alguien en la estacada,0,
Dejar helado a alguien,0,
Dejar mal sabor de boca,0,
Dejar pasar el último tren,0,
Dejar plantado,0,
Dejar que alguien/algo se cueza en su propia salsa,0,
Dejar un sabor agridulce,0,
Dejarse de cuentos,0,
Dejarse ir,0,
Dejarse la piel,0,
Dejarse pisar,0,
Descubrir el pastel,0,
Descubrir petróleo,0,
Despedirse a la francesa,0,
Despertar conciencias,0,
Después de la tempestad siempre llega la calma,0,
Dinamitar puentes,0,
Dispararse en un pie,0,
Divertirse como un enano,0,
"Donde comen dos, comen tres",0,
"Donde dije digo, digo Diego",0,
"Donde fueres, haz lo que vieres",0,
"Donde hay pelo, hay alegría",0,
"Donde las dan, las toman",0,
Dorar la píldora,0,
Dormir a pierna suelta,0,
Dormir como un lirón,0,
Dormir como un tronco,0,
Dormir conciencias,0,
Dormir la mona,0,
Dormirse en los laureles,0,
"Dos son compañía, tres multitud",0,
Duro de pelar,0,
Échale guindas al pavo,0,
Echar a alguien a los perros,0,
Echar balones fuera,0,
Echar de comer aparte,0,
Echar el resto,0,
Echar en cara,0,
Echar espuma por la boca,0,
Echar humo la cabeza,0,
Echar las tripas por la boca,0,
Echar leña al fuego,0,
Echar los tejos,0,
Echar mal de ojo,0,
Echar margaritas a los cerdos,0,
Echar raíces,0,
Echar un jarro de agua fría,0,
Echar un ojo,0,
Echar una cabezada,0,
Echar una cana al aire,0,
Echar una mano,0,
Echarle cuento,0,
Echarle el guante,0,
Echarle huevos,0,
El mundo es un pañuelo,0,
El papel lo aguanta todo,0,
"El que la sigue, la consigue",0,
El que no llora no mama,0,
Empaparse de algo,0,
Empezar la casa por el tejado,0,
Empinar el codo,0,
Emplearse a fondo,0,
En boca cerrada no entran moscas,0,
En menos que canta un gallo,0,
En primavera la sangre altera,0,
En todas partes cuecen habas,0,
En un abrir y cerrar de ojos,0,
Encogerse de hombros,0,
Encontrar la horma de su zapato,0,
Encontrar una aguja en un pajar,0,
Endeudarse hasta las cejas,0,
Enterarse de lo que vale un peine,0,
Entrado en años,0,
Entrar a hurtadillas,0,
Entrar como elefante en cacharrería,0,
Entrar con buen pie,0,
Entrar con mal pie,0,
Entrar en vía muerta,0,
Entrar por un oído y salir por otro,0,
Éramos pocos y parió la abuela,0,
Errar como un alma en pena,0,
Es de cajón,0,
Es el quid de la cuestión,0,
Es peor el remedio que la enfermedad,0,
Es un ángel caído,0,
Es un arma de doble filo,0,
Es un asunto de faldas,0,
Es un callejón sin salida,0,
Es un círculo vicioso,0,
Es un comodín,0,
Es un grano en el culo,0,
Es un nido de ratas,0,
Es un punto y aparte,0,
Es un rayo de sol,0,
Es un zorro,0,
Es una muerte anunciada,0,
Es una sombra de lo que fue,0,
Es una víbora,0,
Esconder la cabeza bajo el ala,0,
Escuchar al corazón,0,
Escuchar llover,0,
Escupir al cielo,0,
Escurrir el bulto,0,
Esperar sentado a que pase algo,0,
Está lo mejor de cada casa,0,
Está que trina,0,
Está todo el pescado vendido,0,
Estar a dos velas,0,
Estar a la que salta,0,
Estar a la sombra,0,
Estar a las duras y a las maduras,0,
Estar a por uvas,0,
Estar a punto de caramelo,0,
Estar al loro,0,
Estar al pie del cañón,0,
Estar chupado,0,
Estar ciego,0,
Estar colado por alguien,0,
Estar como el palo de un gallinero,0,
Estar como sardinas en lata,0,
Estar como un fideo,0,
Estar como un flan,0,
Estar como un roble,0,
Estar como un tren,0,
Estar como una cabra,0,
Estar como una foca,0,
Estar como una regadera,0,
Estar como una rosa,0,
Estar como una sopa,0,
Estar como una tapia,0,
Estar como una vaca,0,
Estar como unas castañuelas,0,
Estar como unas Pascuas,0,
Estar con el agua al cuello,0,
Estar con un pie a cada lado de la calle,0,
Estar con un pie dentro y otro fuera,0,
Estar cortado,0,
Estar cortado por el mismo patrón,0,
Estar cuadrado,0,
Estar curado de espantos,0,
Estar de brazos cruzados,0,
Estar de un humor de perros,0,
Estar de vuelta de todo,0,
Estar dividido,0,
Estar el precio por las nubes,0,
Estar empanado,0,
Estar en ascuas,0,
Estar en Babia,0,
Estar en bancarrota,0,
Estar en boca de todo el mundo,0,
Estar en carne viva,0,
Estar en contacto,0,
Estar en cueros,0,
Estar en el  punto de mira,0,
Estar en el ajo,0,
Estar en el candelero,0,
Estar en el ojo del huracán,0,
Estar en el séptimo cielo,0,
Estar en la calle,0,
Estar en la edad del pavo,0,
Estar en la flor de la vida,0,
Estar en la luna,0,
Estar en la luna de Valencia,0,
Estar en la misma onda,0,
Estar en la parra,0,
Estar en la picota,0,
Estar en las manos de alguien,0,
Estar en las nubes,0,
Estar en las últimas,0,
Estar en números rojos,0,
Estar en pelotas,0,
Estar en pie de guerra,0,
Estar en todas partes,0,
Estar en una encrucijada,0,
Estar encantado de conocerse,0,
Estar enchufado,0,
Estar encima de alguien,0,
Estar entre dos fuegos,0,
Estar entre la espada y la pared,0,
Estar entre Pinto y Valdemoro,0,
Estar forrado de pasta,0,
Estar frito,0,
Estar fuera de juego,0,
Estar fuera de sí,0,
Estar hasta el gorro,0,
Estar hasta el moño,0,
Estar hasta la coronilla,0,
Estar hasta las narices,0,
Estar hecho mierda,0,
Estar hecho polvo,0,
Estar hecho un Cristo,0,
Estar hecho un lío,0,
Estar hecho un toro,0,
Estar lleno hasta la bandera,0,
Estar loco de atar,0,
Estar manga por hombro,0,
Estar mano sobre mano,0,
Estar más ancho que largo,0,
Estar más colgado que un cuadro,0,
Estar molido,0,
Estar mosqueado,0,
Estar muerto de frío,0,
Estar muy verde,0,
Estar negro,0,
Estar para el arrastre,0,
Estar planchado,0,
Estar por los suelos,0,
Estar que te sales,0,
Estar rascándose las pelotas,0,
Estar rayado,0,
Estar rendido,0,
Estar reventado,0,
Estar seco,0,
Estar sembrado,0,
Estar sin blanca,0,
Estar tirado,0,
Estar zumbado,0,
Estimar a ojo de buen cubero,0,
Estirar la pata,0,
Esto es Jauja,0,
Esto parece el corral de la Pacheca,0,
Esto parece el ejército de Pancho Villa,0,
Estrecharse el cinturón,0,
Faltar el canto de un duro,0,
Faltar un hervor,0,
Faltarle a alguien un tornillo,0,
Fusilar un texto,0,
Ganar cuatro perras,0,
Ganarse algo a pulso,0,
Ganarse el cielo,0,
Ganarse las lentejas,0,
Golpear en la línea de flotación,0,
Guardar cama,0,
Guardar las apariencias,0,
Ha salido rana,0,
Haber mucha tela que cortar,0,
Hablar a toro pasado,0,
Hablar con la pared,0,
Hablar en plata,0,
Hablar en román paladino,0,
Hablar por los codos,0,
Hablar por los descosidos,0,
Hace un frío que pela,0,
Hacer algo a pelo,0,
Hacer algo a sangre fría,0,
Hacer algo al pie de la letra,0,
Hacer algo codo con codo,0,
Hacer algo por huevos,0,
Hacer borrón y cuenta nueva,0,
Hacer buenas migas,0,
Hacer cábalas,0,
Hacer campana,0,
Hacer de la necesidad virtud,0,
Hacer de tripas corazón,0,
Hacer el agosto,0,
Hacer el cabra,0,
Hacer el indio,0,
Hacer el primo,0,
Hacer el trabajo sucio,0,
Hacer encaje de bolillos,0,
Hacer la calle,0,
Hacer la cuenta de la vieja,0,
Hacer la ola,0,
Hacer la pelota,0,
Hacer la rosca a alguien,0,
Hacer la visita del médico,0,
Hacer la vista gorda,0,
Hacer las américas,0,
Hacer las cuentas del Gran Capitán,0,
Hacer leña del árbol caído,0,
Hacer mutis por el foro,0,
Hacer novillos,0,
Hacer oídos sordos,0,
Hacer papilla a alguien,0,
Hacer pucheros,0,
Hacer rodar cabezas,0,
Hacer temblar los cimientos,0,
Hacer trampas al solitario,0,
Hacer un brindis al sol,0,
Hacer un corte de mangas,0,
Hacer un pacto con el diablo,0,
Hacer un tiempo de perros,0,
Hacer un trabajo de chinos,0,
Hacer una montaña de un grano de arena,0,
Hacerle la cabra a alguien,0,
Hacerle una faena a alguien,0,
Hacerse el sueco,0,
Hacerse la boca agua,0,
Hacerse la estrecha,0,
Hacerse la picha un lío,0,
Hasta el rabo todo es toro,0,
Hilar fino,0,
Hincar los codos,0,
Hinchar las narices,0,
Huir hacia adelante,0,
Hundirse en la miseria,0,
Importar un pimiento,0,
Inclinar la balanza,0,
Inflar las pelotas,0,
Ir a hacer gárgaras,0,
Ir a hacer puñetas,0,
Ir a la deriva,0,
Ir a medio gas,0,
Ir a piñón fijo,0,
Ir a por lana y volver trasquilado,0,
Ir a por todas,0,
Ir a saco,0,
Ir a toda leche,0,
Ir a toda pastilla,0,
Ir a trompicones,0,
Ir a tumba abierta,0,
Ir al grano,0,
Ir cagando leches,0,
Ir como la seda,0,
Ir como pollo sin cabeza,0,
Ir como un guante,0,
Ir como una bala,0,
Ir con la cabeza bien alta,0,
Ir contra reloj,0,
Ir contra viento y marea,0,
Ir de culo,0,
Ir de flor en flor,0,
Ir de frente,0,
Ir de paquete,0,
Ir en piloto automático,0,
Ir hecho un pincel,0,
Ir por la vía rápida,0,
Ir trompa,0,
Ir viento en popa,0,
Irse a dormir calentito,0,
Irse al garete,0,
Irse al infierno,0,
Irse al quinto pino,0,
Irse con el rabo entre las piernas,0,
Irse de la lengua,0,
Irse de la pinza,0,
Irse de las manos,0,
Irse de picos pardos,0,
Irse de rositas,0,
Irse el santo al cielo,0,
Irse por las patas abajo,0,
Irse por los cerros de Úbeda,0,
Joder la marrana,0,
Jugar al gato y al ratón,0,
Jugar con fuego,0,
Jugar en otra liga,0,
Jugar la última carta,0,
Jugar limpio,0,
Juntarse el hambre con las ganas de comer,0,
La cosa está que arde,0,
La fe mueve montañas,0,
La mar de bien,0,
La ocasión la pintan calva,0,
Labrarse un porvenir,0,
Lamerse las heridas,0,
Las armas las carga el diablo,0,
Las paredes oyen,0,
Lavar la ropa sucia en casa,0,
Lavarle la cara a algo,0,
Lavarse las manos,0,
Leer la cartilla,0,
Leerle el pensamiento a alguien,0,
Levantar ampollas,0,
Levantar la liebre,0,
Levantarse con el pie izquierdo,0,
Levar anclas,0,
Liarla parda,0,
Liarse la manta a la cabeza,0,
Limar asperezas,0,
Limpiar el nombre de alguien,0,
Llamar las cosas por su nombre,0,
Llegar a buen puerto,0,
Llegar con las manos vacías,0,
Llegar hasta el fondo de la cuestión,0,
Llegar por los pelos,0,
Llegar y besar el santo,0,
Llevar al huerto,0,
Llevar el agua a su molino,0,
Llevar en volandas,0,
Llevar una buena trompa,0,
Llevar una vida de perros,0,
Llevarlo claro,0,
Llevarse como el perro y el gato,0,
Llevarse el gato al agua,0,
Llevarse un chasco,0,
Llorar como un descosido,0,
Llorar como una magdalena,0,
Llorar lágrimas de cocodrilo,0,
Llover hostias,0,
Llueve a cántaros,0,
Lo cortés no quita lo valiente,0,
Lo dicen las malas lenguas,0,
Lo que no está en los escritos,0,
Los árboles no te dejan ver el bosque,0,
Mala hierba nunca muere,0,
Manda huevos,0,
Mandar a alguien a freir espárragos,0,
Mandar a alguien a paseo,0,
Mandar a alguien al diablo,0,
Mandar a la porra,0,
Mantener a raya,0,
Mantenerse firme,0,
Marear la perdiz,0,
Más vale pájaro en mano que ciento volando,0,
Matar dos pájaros de un tiro,0,
Matar el gusanillo,0,
Matar el tiempo,0,
Matar moscas a cañonazos,0,
Matarlas callando,0,
Me las vi y me las deseé,0,
Mear fuera de tiesto,0,
Mear y no echar gota,0,
Medir tus palabras,0,
Menos da una piedra,0,
Mentar la soga en casa del ahorcado,0,
Meter caña,0,
Meter cucharada,0,
Meter en cintura,0,
Meter en vereda,0,
Meter la gamba,0,
Meter la nariz donde no te llaman,0,
Meter la pata,0,
Meter la tijera,0,
Meter una puñalada trapera,0,
Meterse en camisa de once varas,0,
Meterse en la boca del lobo,0,
Meterse en un berenjenal,0,
Meterse en un charco,0,
Meterse en un jardín,0,
Mezclar churras con merinas,0,
Mirar con ojos de carnero degollado,0,
Mirar los toros desde la barrera,0,
Mirar para otro lado,0,
Mirar por el rabillo del ojo,0,
Mirar por encima del hombro,0,
Molar mazo,0,
Moler a palos,0,
Montar en cólera,0,
Montar un circo y que te crezcan los enanos,0,
Montar un cirio,0,
Morder el anzuelo,0,
Morder el polvo,0,
Morderse la lengua,0,
Morir con las botas puestas,0,
Morir en el intento,0,
Mover los hilos,0,
Música para mis oidos,0,
Nadar contra corriente,0,
Nadar en la abundancia,0,
Nadar entre dos aguas,0,
Nadar y guardar la ropa,0,
Nadie da duros a cuatro pesetas,0,
Ni hablar del peluquín,0,
No andarse con chiquitas,0,
No cabe ni un alfiler,0,
No callar ni debajo del agua,0,
No carburar bien,0,
No comerse un rosco,0,
No dar abasto,0,
No dar el brazo a torcer,0,
No dar golpe,0,
No dar ni chapa,0,
No dar palo al agua,0,
No dar pie con bola,0,
No dar puntada sin hilo,0,
No decir ni pio,0,
No dejar a alguien ni a sol ni a sombra,0,
No dejar títere con cabeza,0,
No doler prendas,0,
No echar la vista atrás,0,
No es de recibo,0,
No es moco de pavo,0,
No es para tirar cohetes,0,
No es un jardín de rosas,0,
No está el horno para bollos,0,
No estar católico,0,
No estar fino,0,
No gano para sustos,0,
No haber nacido ayer,0,
No hacerse mala sangre,0,
No hay más cera que la que arde,0,
No hay moros en la costa,0,
No hay ni un alma,0,
No hay por donde cogerlo,0,
No hay tutía,0,
No lanzar las campanas al vuelo,0,
No llegar la sangre al río,0,
No llegarle a alguien a la suela de los zapatos,0,
No me fío un pelo,0,
No mover un dedo,0,
No pega ni con cola,0,
No pegar ojo,0,
No pegar sello,0,
No pintar nada,0,
No poder cerrar ojo en toda la noche,0,
No querer ver a alguien ni en pintura,0,
No rascar bola,0,
No saber ni papa,0,
No ser capaz de matar una mosca,0,
No ser chicha ni limonada,0,
No ser nada del otro jueves,0,
No ser ni carne ni pescado,0,
No siempre llueve a gusto de todos,0,
No soltar prenda,0,
No te arriendo las ganancias,0,
No tener corazón,0,
No tener donde caerse muerto,0,
No tener ni para pipas,0,
No tener ni pies ni cabeza,0,
No tener pelos en la lengua,0,
No tener sangre en las venas,0,
No tocar con los pies en el suelo,0,
No ver tres en un burro,0,
Nos están meando y dicen que llueve,0,
Oir tocar campanas,0,
"Ojos que no ven, corazón que no siente",0,
Oler a chamusquina,0,
Oler a rayos,0,
Pagar a escote,0,
Pagar el pato,0,
Pagar los platos rotos,0,
Para parar un tren,0,
Parar en seco,0,
Parar los pies,0,
Partir la cara,0,
Partir peras,0,
Partirse de risa,0,
Partirse el pecho,0,
Pasar de castaño a oscuro,0,
Pasar factura,0,
Pasar la noche en blanco,0,
Pasar la noche en vela,0,
Pasar las de Caín,0,
Pasar página,0,
Pasar por alto,0,
Pasar por encima,0,
Pasarlas canutas,0,
Pasarle a alguien una patata caliente,0,
Pasarse de frenada,0,
Pasarse de la raya,0,
Pasarse de rosca,0,
Pasarse tres pueblos,0,
Pedir peras al olmo,0,
Pedir tiempo muerto,0,
Pegarse las sábanas,0,
Peinar canas,0,
Peinar la zona,0,
Pensar en las musarañas,0,
Perder aceite,0,
Perder el hilo,0,
Perder el Norte,0,
Perder el tren,0,
Perder la cabeza,0,
Perder los estribos,0,
Perder los nervios,0,
Perder los papeles,0,
Pesar como una losa,0,
Picar algo,0,
Picar la curiosidad,0,
Picar muy alto,0,
Picar piedra,0,
Pillar a alguien con las manos en la masa,0,
Pillar a alguien en un renuncio,0,
Pillar con el paso cambiado,0,
Pillar el punto,0,
Pillarse los dedos,0,
Pinchar y no sacar sangre,0,
Pintan bastos,0,
Pisar fuerte,0,
Pisar los talones,0,
Planchar la oreja,0,
Plantar cara,0,
Plantar un pino,0,
Poner a caldo,0,
Poner a parir,0,
Poner al mal tiempo buena cara,0,
Poner cara de póker,0,
Poner cara larga,0,
Poner como un trapo,0,
Poner contra las cuerdas,0,
Poner de vuelta y media,0,
Poner dientes largos,0,
Poner el carro delante de los bueyes,0,
Poner el dedo en la llaga,0,
Poner el grito en el cielo,0,
Poner el listón alto,0,
Poner en bandeja,0,
Poner en boca de alguien,0,
Poner en jaque,0,
Poner en solfa a alguien,0,
Poner en tela de juicio,0,
Poner en un brete,0,
Poner la guinda,0,
Poner la mano en el fuego,0,
Poner las cartas boca arriba,0,
Poner las cartas sobre la mesa,0,
Poner las cosas en su sitio,0,
Poner los pelos de punta,0,
Poner los puntos sobre las íes,0,
Poner palos en las ruedas,0,
Poner patas arriba,0,
Poner pies en polvorosa,0,
Poner puertas al campo,0,
Poner tierra de por medio,0,
Poner toda la carne en el asador,0,
Poner una pica en Flandes,0,
Poner una vela a Dios y otra al diablo,0,
Poner verde a alguien,0,
Ponerle el cascabel al gato,0,
Ponerse a cien,0,
Ponerse borde,0,
Ponerse ciego,0,
Ponerse como un tomate,0,
Ponerse en la piel de alguien,0,
Ponerse hecho una fiera,0,
Ponerse la carne de gallina,0,
Ponerse las pilas,0,
Ponerse los ojos como platos,0,
Ponerse manos a la obra,0,
Ponerse morado,0,
Ponerse pesado,0,
Por la boca muere el pez,0,
Predicar en el desierto,0,
Preparar el escenario,0,
Prevenir por si las moscas,0,
Prometer el oro y el moro,0,
Pudrirse entre rejas,0,
Que Dios reparta suerte,0,
Que me aspen,0,
Quedar en agua de borrajas,0,
Quedar retratado,0,
Quedar tres telediarios,0,
Quedar un culo de algo,0,
Quedarse con el culo al aire,0,
Quedarse con la boca abierta,0,
Quedarse con un palmo de narices,0,
Quedarse de piedra,0,
Quedarse en blanco,0,
Quedarse en los huesos,0,
Quedarse la sangre helada,0,
Quedarse para vestir santos,0,
Quedarse sin palabras,0,
Quedarse tieso,0,
Quemar las naves,0,
Quemar todos los cartuchos,0,
Quemarse con algo,0,
Quemarse las pestañas,0,
"Quien no corre, vuela",0,
"Quien ríe último, ríe mejor",0,
"Quien se pica, ajos come",0,
"Quien se fue a Sevilla, perdió su silla",0,
"Quien siembra vientos, recoge tempestades",0,
Quitar hierro a un asunto,0,
Quitarle leña a algo,0,
Quitarse la máscara,0,
Quitarse un peso de encima,0,
Rascarse el bolsillo,0,
Rascarse la barriga,0,
Rasgarse las vestiduras,0,
Recibir a alguien con los brazos abiertos,0,
Recoger lo que se ha sembrado,0,
Regalar los oídos,0,
Remover cielo y tierra,0,
Renacer de las cenizas,0,
Rendirse ante la evidencia,0,
Repartir leña,0,
Restar importancia,0,
Retirar la palabra,0,
Retratarse alguien,0,
Rizar el rizo,0,
Robar el corazón,0,
Romper barreras,0,
Romper el alma,0,
Romper el hielo,0,
Romper moldes,0,
Romper tu palabra,0,
Romper una lanza en favor de alguien,0,
Romperle el corazón a alguien,0,
Romperse la cabeza,0,
Romperse los cuernos,0,
Sabe más que los ratones colorados,0,
Saber a ciencia cierta,0,
Saber de buena tinta,0,
Saber de qué pie cojea,0,
Saber dónde le aprieta el zapato,0,
Sacar a relucir,0,
Sacar de quicio,0,
Sacar de sus cabales a alguien,0,
Sacar el agua clara,0,
Sacar fuerzas de flaqueza,0,
Sacar las castañas del fuego,0,
Sacar las garras,0,
Sacar las uñas,0,
Sacar los colores,0,
Sacar los dientes,0,
Sacar partido,0,
Sacar pecho,0,
Sacar punta,0,
Sacar tajada,0,
Sacarle el jugo a alguien,0,
Sacarse la venda de los ojos,0,
Salir a flote,0,
Salir a la palestra,0,
Salir a pedir de boca,0,
Salir con los pies por delante,0,
Salir de marcha,0,
Salir del armario,0,
Salir del fuego para caer en las brasas,0,
Salir del nido,0,
Salir el tiro por la culata,0,
Salir pitando,0,
Salir por la puerta de atrás,0,
Salir por patas,0,
Salirse de madre,0,
Salirse por la tangente,0,
Saltar al vacío,0,
Saltar todas las alarmas,0,
Saltarse algo a la torera,0,
Salvar el pellejo,0,
Se le ve el plumero,0,
Seguir al rebaño,0,
Seguir en sus trece,0,
Seguir la corriente,0,
Sembrar cizaña,0,
Sembrar discordia,0,
Sembrar la duda,0,
Sentar a alguien en el banquillo,0,
Sentar la cabeza,0,
Sentar las bases,0,
Sentirse como pez en el agua,0,
Separar el grano de la paja,0,
Ser abogado del diablo,0,
Ser agua pasada,0,
Ser animal de costumbres,0,
Ser calcado a alguien,0,
Ser canela fina,0,
Ser carne de cañón,0,
Ser como dos gotas de agua,0,
Ser conejillo de indias,0,
Ser corto de miras,0,
Ser coser y cantar,0,
Ser cuatro gatos,0,
Ser culo de mal asiento,0,
Ser de la virgen del puño,0,
Ser de mírame y no me toques,0,
Ser del año de la pera,0,
Ser del año del hambre,0,
Ser el alma de la fiesta,0,
Ser el brazo derecho de alguien,0,
Ser el chivo expiatorio,0,
Ser el ojito derecho,0,
Ser el pan de cada día,0,
Ser el tuerto en el país de los ciegos,0,
Ser el último de la fila,0,
Ser el último mono,0,
Ser flor de un día,0,
Ser harina de otro costal,0,
Ser la alegría de la huerta,0,
Ser la caña,0,
Ser la gallina de los huevos de oro,0,
Ser la gota que colma el vaso,0,
Ser la mano derecha de alguien,0,
Ser la manzana de la discordia,0,
Ser la manzana podrida del cesto,0,
Ser la media naranja,0,
Ser la oveja negra,0,
Ser la pera,0,
Ser mano de santo,0,
Ser más bueno que el pan,0,
Ser más claro que el agua,0,
Ser más falso que un billete de 1500,0,
Ser más feo que Picio,0,
Ser más largo que la cuaresma,0,
Ser más lento que una tortuga,0,
Ser más viejo que Matusalén,0,
Ser más viejo que un camino,0,
Ser miel sobre hojuelas,0,
Ser pan comido,0,
Ser papel mojado,0,
Ser pasto de las llamas,0,
Ser piel y huesos,0,
Ser rata de laboratorio,0,
Ser terreno pantanoso,0,
Ser tonto de capirote,0,
Ser tonto del haba,0,
Ser tormenta de verano,0,
Ser transparente,0,
Ser un aguafiestas,0,
Ser un ángel,0,
Ser un as ,0,
Ser un barril de pólvora,0,
Ser un bocazas,0,
Ser un buen pájaro,0,
Ser un buen partido,0,
Ser un buitre,0,
Ser un calavera,0,
Ser un calzonazos,0,
Ser un camino de baches,0,
Ser un cero a la izquierda,0,
Ser un chorizo,0,
Ser un chupatintas,0,
Ser un demonio,0,
Ser un disco rallado,0,
Ser un fantasma,0,
Ser un gallina,0,
Ser un gallito,0,
Ser un globo sonda,0,
Ser un hacha,0,
Ser un hijo de papá,0,
Ser un hueso duro de roer,0,
Ser un libro abierto,0,
Ser un lince,0,
Ser un lobo con piel de cordero,0,
Ser un lobo solitario,0,
Ser un lumbreras,0,
Ser un manazas,0,
Ser un manirroto,0,
Ser un manitas,0,
Ser un manojo de nervios,0,
Ser un muerto de hambre,0,
Ser un niño de mamá,0,
Ser un palillo,0,
Ser un paso en la buena dirección,0,
Ser un pato,0,
Ser un pelma,0,
Ser un perro,0,
Ser un peso pesado,0,
Ser un petardo,0,
Ser un pez gordo,0,
Ser un plomo,0,
Ser un plumas,0,
Ser un primer espada,0,
Ser un pulpo,0,
Ser un rata,0,
Ser un ratón de biblioteca,0,
Ser un rollo,0,
Ser un saco de huesos,0,
Ser un soplo de aire fresco,0,
Ser un tipo duro,0,
Ser un trepa,0,
Ser un trozo de pan,0,
Ser una balsa de aceite,0,
Ser una causa perdida,0,
Ser una celestina,0,
Ser una falsa alarma,0,
Ser una gota en el océano,0,
Ser una lata,0,
Ser una mosquita muerta,0,
Ser una tumba,0,
Ser una victoria Pírrica,0,
Ser uña y carne,0,
Siempre hay un roto para un descosido,0,
Silbarle los oídos a alguien,0,
Sin comerlo ni beberlo,0,
Soltar amarras,0,
Soltarle cuatro frescas a alguien,0,
Soltarse el pelo,0,
Son habas contadas,0,
Son los mismos perros con distinto collar,0,
Sonar a chino,0,
Soñar despierto,0,
Sorber el seso,0,
Soy todo oídos,1,Soy todo oídos.
Subirse a la chepa,0,
Subirse a la parra,0,
Subirse a las barbas de alguien,0,
Subirse al tren,0,
Subirse por las paredes,0,
Sudar la gota gorda,0,
Tapar agujeros,0,
Tapar las vergüenzas,0,
Tender puentes,0,
Tender una mano,0,
Tener a alguien en el saco,0,
Tener agallas,0,
Tener algo a mano,0,
Tener algo en la punta de la lengua,0,
Tener algo entre ceja y ceja,0,
Tener atragantado a alguien,0,
Tener buen ojo,0,
Tener buen olfato,0,
Tener buen pico,0,
Tener cara dura,0,
Tener cuerda para rato,0,
Tener delito,0,
Tener diarrea mental,0,
Tener dos dedos de frente,0,
Tener el corazón de piedra,0,
Tener el corazón en un puño,0,
Tener el diablo en el cuerpo,0,
Tener el estómago lleno,0,
Tener el guapo subido,0,
Tener la cabeza bien amueblada,0,
Tener la cabeza como un bombo,0,
Tener la cabeza como una bola de billar,0,
Tener la cabeza cuadrada,0,
Tener la cabeza en las nubes,0,
Tener la cabeza en su sitio,0,
Tener la cabeza hueca,0,
Tener la cabeza sobre los hombros,0,
Tener la fiesta en paz,0,
Tener la lengua afilada,0,
Tener la lengua larga,0,
Tener la mano larga,0,
Tener la mosca detrás de la oreja,0,
Tener la pelota en tu tejado,0,
Tener la piel muy fina,0,
Tener la sartén por el mango,0,
Tener la sensibilidad a flor de piel,0,
Tener las espaldas anchas,0,
Tener las manos atadas,0,
Tener lengua viperina,0,
Tener los días contados,0,
Tener los pies en la tierra,0,
Tener mal la chaveta,0,
Tener mala leche,0,
Tener mala pata,0,
Tener mala uva,0,
Tener malas pulgas,0,
Tener mano izquierda,0,
Tener mariposas en el estómago,0,
Tener más cuento que Calleja,0,
Tener memoria de pez,0,
Tener mucha miga,0,
Tener mucha mili,0,
Tener muchas teclas que tocar,0,
Tener mucho morro,0,
Tener mucho ojo,0,
Tener muchos humos,0,
Tener nervios de acero,0,
Tener ojo clínico,0,
Tener ojos en la nuca,0,
Tener pájaros en la cabeza,0,
Tener pocas luces,0,
Tener pocos alcances,0,
Tener potra,0,
Tener rostro de cemento,0,
Tener salero,0,
Tener salud de hierro,0,
Tener sangre de horchata,0,
Tener sangre fría,0,
Tener serrín en la cabeza,0,
Tener tablas,0,
Tener un agujero en el bolsillo,0,
Tener un agujero en el estómago,0,
Tener un as en la manga,0,
Tener un día negro,0,
Tener un hambre de lobo,0,
Tener un nudo en la garganta,0,
Tener un pico de oro,0,
Tener un pie en la tumba,0,
Tener un rifirafe,0,
Tener un tropiezo,0,
Tener una flor en el culo,0,
Tener una memoria de elefante,0,
Tener una mente abierta,0,
Tener vía libre,0,
Tiran más dos tetas que dos carretas,0,
Tirar de la lengua,0,
Tirar de la manta,0,
Tirar del hilo,0,
Tirar la casa por la ventana,0,
Tirar la toalla,0,
Tirar piedras contra el propio tejado,0,
Tirar por la calle de en medio,0,
Tirarlo todo por la borda,0,
Tirarse de los pelos,0,
Tirarse un farol,0,
Tocar fondo,0,
Tocar la china,0,
Tocar la pera,0,
Tocar las narices,0,
Tocar las pelotas,0,
Tocar madera,0,
Tocar todas las teclas,0,
Todos los caminos llevan a Roma,0,
Tomar cartas en el asunto,0,
Tomar el pelo,0,
Tomar la palabra a alguien,0,
Tomar las de Villadiego,0,
Tomar por el pito del sereno,0,
Tomarse algo a pecho,0,
Trabajar como un burro,0,
Trabajar de sol a sol,0,
Traerse algo entre manos,0,
Tragar saliva,0,
Tragarse el orgullo,0,
Tragarse un sapo,0,
Tragarse una mentira,0,
Tratar a alguien con pinzas,0,
Un clavo saca otro clavo,0,
Valer lo que pesa,0,
Vender la moto,0,
Vender la piel del oso antes de cazarlo,0,
Venir como anillo al dedo,0,
Venir con historias,0,
Venir con monsergas,0,
Venir con un pan debajo del brazo,0,
Venir de perlas,0,
Venir que ni pintado,0,
Venir volando,0,
Venirse arriba,0,
Ver el cielo abierto,0,
Ver la luz al final del tunel,0,
Ver la paja en el ojo ajeno,0,
Ver las orejas al lobo,0,
Ver todo de color de rosa,0,
Verlas venir,0,
Verlo todo negro,0,
Verse de higos a brevas,0,
Viva la Pepa,0,
Vivir a cuerpo de rey,0,
Vivir al día,0,
Vivir como un marqués,0,
Vivir de renta,0,
Vivir del cuento,0,
Vivir en el culo del mundo,0,
Vivir en el lado oscuro,0,
Vivir en tiempos de vacas flacas,0,
Vivir en tiempos de vacas gordas,0,
Vivito y coleando,0,
Volar alto,0,
Y vuelve la burra al trigo,0,
